# GW150914 time-1126259462.44 (s),H1_data_whitened,L1_data_whitened,H1_template_whitened,L1_template_whitened
-0.199766, -1.785543e+00, 5.189429e-01, 1.787111e-02, -3.619788e-02
-0.199522, -2.215131e+00, 4.705611e-01, 5.413350e-02, -2.198840e-02
-0.199277, -2.425469e+00, 4.102286e-01, 9.096025e-02, -1.954993e-04
-0.199033, -2.373615e+00, 3.373418e-01, 1.250596e-01, 2.694461e-02
-0.198789, -2.056279e+00, 2.500426e-01, 1.533000e-01, 5.677919e-02
-0.198545, -1.514178e+00, 1.452313e-01, 1.730364e-01, 8.649613e-02
-0.198301, -8.267735e-01, 1.979364e-02, 1.823934e-01, 1.133788e-01
-0.198057, -9.741482e-02, -1.272457e-01, 1.804676e-01, 1.350339e-01
-0.197813, 5.679294e-01, -2.922246e-01, 1.674263e-01, 1.495740e-01
-0.197568, 1.082692e+00, -4.646871e-01, 1.444861e-01, 1.557403e-01
-0.197324, 1.396365e+00, -6.264481e-01, 1.137745e-01, 1.529626e-01
-0.197080, 1.501460e+00, -7.528558e-01, 7.809005e-02, 1.413570e-01
-0.196836, 1.429582e+00, -8.167905e-01, 4.059044e-02, 1.216684e-01
-0.196592, 1.238643e+00, -7.949023e-01, 4.448448e-03, 9.517233e-02
-0.196348, 9.954163e-01, -6.744285e-01, -2.748243e-02, 6.354715e-02
-0.196104, 7.582867e-01, -4.583323e-01, -5.295104e-02, 2.873234e-02
-0.195859, 5.644470e-01, -1.668707e-01, -7.050757e-02, -7.215609e-03
-0.195615, 4.242699e-01, 1.651480e-01, -7.959779e-02, -4.226018e-02
-0.195371, 3.236341e-01, 4.948185e-01, -8.054698e-02, -7.450833e-02
-0.195127, 2.329320e-01, 7.796513e-01, -7.444314e-02, -1.023168e-01
-0.194883, 1.198612e-01, 9.858989e-01, -6.294223e-02, -1.243793e-01
-0.194639, -3.771421e-02, 1.094490e+00, -4.802717e-02, -1.397936e-01
-0.194395, -2.425101e-01, 1.103190e+00, -3.175609e-02, -1.481064e-01
-0.194150, -4.749733e-01, 1.024899e+00, -1.603346e-02, -1.493353e-01
-0.193906, -6.978287e-01, 8.831733e-01, -2.431188e-03, -1.439628e-01
-0.193662, -8.665091e-01, 7.065671e-01, 7.923593e-03, -1.329035e-01
-0.193418, -9.417502e-01, 5.232423e-01, 1.438879e-02, -1.174392e-01
-0.193174, -8.999909e-01, 3.567675e-01, 1.678183e-02, -9.912698e-02
-0.192930, -7.385248e-01, 2.234922e-01, 1.530353e-02, -7.968205e-02
-0.192686, -4.747239e-01, 1.315906e-01, 1.043200e-02, -6.084544e-02
-0.192441, -1.407831e-01, 8.167478e-02, 2.808856e-03, -4.424617e-02
-0.192197, 2.235440e-01, 6.855614e-02, -6.862568e-03, -3.127154e-02
-0.191953, 5.778971e-01, 8.333637e-02, -1.789276e-02, -2.295823e-02
-0.191709, 8.865091e-01, 1.149740e-01, -2.964832e-02, -1.991524e-02
-0.191465, 1.121263e+00, 1.509701e-01, -4.156161e-02, -2.228651e-02
-0.191221, 1.262985e+00, 1.774892e-01, -5.311479e-02, -2.975607e-02
-0.190977, 1.301675e+00, 1.796256e-01, -6.380958e-02, -4.159371e-02
-0.190732, 1.236352e+00, 1.425598e-01, -7.313565e-02, -5.673457e-02
-0.190488, 1.074989e+00, 5.405869e-02, -8.054952e-02, -7.388215e-02
-0.190244, 8.345913e-01, -9.189066e-02, -8.547259e-02, -9.162266e-02
-0.190000, 5.408978e-01, -2.914760e-01, -8.731251e-02, -1.085383e-01
-0.189756, 2.267312e-01, -5.293122e-01, -8.550715e-02, -1.233094e-01
-0.189512, -7.182010e-02, -7.800400e-01, -7.958619e-02, -1.347969e-01
-0.189268, -3.212763e-01, -1.013381e+00, -6.924214e-02, -1.421022e-01
-0.189023, -4.973212e-01, -1.201135e+00, -5.440095e-02, -1.446041e-01
-0.188779, -5.898353e-01, -1.323767e+00, -3.528218e-02, -1.419739e-01
-0.188535, -6.043871e-01, -1.374497e+00, -1.243969e-02, -1.341741e-01
-0.188291, -5.594278e-01, -1.359799e+00, 1.322402e-02, -1.214438e-01
-0.188047, -4.801850e-01, -1.296247e+00, 4.047470e-02, -1.042748e-01
-0.187803, -3.915235e-01, -1.204598e+00, 6.779629e-02, -8.337969e-02
-0.187559, -3.121645e-01, -1.102889e+00, 9.347363e-02, -5.965311e-02
-0.187315, -2.518007e-01, -1.000829e+00, 1.157050e-01, -3.412599e-02
-0.187070, -2.114832e-01, -8.973980e-01, 1.327385e-01, -7.911920e-03
-0.186826, -1.867062e-01, -7.824151e-01, 1.430248e-01, 1.785326e-02
-0.186582, -1.719033e-01, -6.414893e-01, 1.453738e-01, 4.207654e-02
-0.186338, -1.645578e-01, -4.626241e-01, 1.391022e-01, 6.377368e-02
-0.186094, -1.671331e-01, -2.421631e-01, 1.241551e-01, 8.213034e-02
-0.185850, -1.858635e-01, 1.192863e-02, 1.011843e-01, 9.655229e-02
-0.185606, -2.268802e-01, 2.803461e-01, 7.156733e-02, 1.066989e-01
-0.185361, -2.914143e-01, 5.359886e-01, 3.735544e-02, 1.124961e-01
-0.185117, -3.722805e-01, 7.497470e-01, 1.144074e-03, 1.141265e-01
-0.184873, -4.533024e-01, 8.971553e-01, -3.413007e-02, 1.120003e-01
-0.184629, -5.121131e-01, 9.642823e-01, -6.545172e-02, 1.067098e-01
-0.184385, -5.254446e-01, 9.512673e-01, -9.002522e-02, 9.897556e-02
-0.184141, -4.751812e-01, 8.724800e-01, -1.055756e-01, 8.959220e-02
-0.183897, -3.533187e-01, 7.532620e-01, -1.106153e-01, 7.937975e-02
-0.183652, -1.644864e-01, 6.241610e-01, -1.046401e-01, 6.914547e-02
-0.183408, 7.441088e-02, 5.141222e-01, -8.822184e-02, 5.965691e-02
-0.183164, 3.370004e-01, 4.441641e-01, -6.298040e-02, 5.162373e-02
-0.182920, 5.917606e-01, 4.228028e-01, -3.142780e-02, 4.568281e-02
-0.182676, 8.068625e-01, 4.441414e-01, 3.300980e-03, 4.238051e-02
-0.182432, 9.547789e-01, 4.891961e-01, 3.780185e-02, 4.214612e-02
-0.182188, 1.016190e+00, 5.304811e-01, 6.879665e-02, 4.525414e-02
-0.181943, 9.828426e-01, 5.390822e-01, 9.351807e-02, 5.177647e-02
-0.181699, 8.589652e-01, 4.926807e-01, 1.100321e-01, 6.153109e-02
-0.181455, 6.607817e-01, 3.825701e-01, 1.174524e-01, 7.403737e-02
-0.181211, 4.138046e-01, 2.177384e-01, 1.160156e-01, 8.849075e-02
-0.180967, 1.481065e-01, 2.460485e-02, 1.070046e-01, 1.037692e-01
-0.180723, -1.074094e-01, -1.580178e-01, 9.252892e-02, 1.184809e-01
-0.180479, -3.300527e-01, -2.879743e-01, 7.519491e-02, 1.310564e-01
-0.180234, -5.061098e-01, -3.308855e-01, 5.771002e-02, 1.398815e-01
-0.179990, -6.306988e-01, -2.704140e-01, 4.248136e-02, 1.434601e-01
-0.179746, -7.052882e-01, -1.144938e-01, 3.126642e-02, 1.405876e-01
-0.179502, -7.342072e-01, 1.046800e-01, 2.492820e-02, 1.305126e-01
-0.179258, -7.215756e-01, 3.371649e-01, 2.333102e-02, 1.130650e-01
-0.179014, -6.696888e-01, 5.266050e-01, 2.539256e-02, 8.872844e-02
-0.178770, -5.792622e-01, 6.234556e-01, 2.928359e-02, 5.864480e-02
-0.178525, -4.512992e-01, 5.968094e-01, 3.274461e-02, 2.454490e-02
-0.178281, -2.898444e-01, 4.419858e-01, 3.347012e-02, -1.138905e-02
-0.178037, -1.045802e-01, 1.820647e-01, 2.950097e-02, -4.671550e-02
-0.177793, 8.777688e-02, -1.370867e-01, 1.956315e-02, -7.895890e-02
-0.177549, 2.639978e-01, -4.572288e-01, 3.299849e-03, -1.058429e-01
-0.177305, 3.969912e-01, -7.210606e-01, -1.864052e-02, -1.255058e-01
-0.177061, 4.602486e-01, -8.849313e-01, -4.467503e-02, -1.366761e-01
-0.176816, 4.332031e-01, -9.275850e-01, -7.250582e-02, -1.387894e-01
-0.176572, 3.061748e-01, -8.529890e-01, -9.945481e-02, -1.320390e-01
-0.176328, 8.352913e-02, -6.873633e-01, -1.228616e-01, -1.173554e-01
-0.176084, -2.157892e-01, -4.721776e-01, -1.404819e-01, -9.632040e-02
-0.175840, -5.603009e-01, -2.553932e-01, -1.508226e-01, -7.102611e-02
-0.175596, -9.098172e-01, -8.277423e-02, -1.533602e-01, -4.389138e-02
-0.175352, -1.219967e+00, 9.606041e-03, -1.486058e-01, -1.745302e-02
-0.175107, -1.446617e+00, 9.636031e-04, -1.380049e-01, 5.852185e-03
-0.174863, -1.549947e+00, -1.110644e-01, -1.236872e-01, 2.389791e-02
-0.174619, -1.498493e+00, -3.101477e-01, -1.081041e-01, 3.505533e-02
-0.174375, -1.273482e+00, -5.637981e-01, -9.361294e-02, 3.834241e-02
-0.174131, -8.732934e-01, -8.281583e-01, -8.207514e-02, 3.352248e-02
-0.173887, -3.170215e-01, -1.054326e+00, -7.453354e-02, 2.114183e-02
-0.173643, 3.542171e-01, -1.195653e+00, -7.102493e-02, 2.499405e-03
-0.173398, 1.079219e+00, -1.215479e+00, -7.056048e-02, -2.045364e-02
-0.173154, 1.782093e+00, -1.094393e+00, -7.128161e-02, -4.528057e-02
-0.172910, 2.380662e+00, -8.355287e-01, -7.076976e-02, -6.928123e-02
-0.172666, 2.796998e+00, -4.662088e-01, -6.646388e-02, -8.975195e-02
-0.172422, 2.968939e+00, -3.467080e-02, -5.612068e-02, -1.042592e-01
-0.172178, 2.861060e+00, 3.981562e-01, -3.824504e-02, -1.108987e-01
-0.171934, 2.473212e+00, 7.702714e-01, -1.242118e-02, -1.085110e-01
-0.171690, 1.844557e+00, 1.030912e+00, 2.051029e-02, -9.682555e-02
-0.171445, 1.051338e+00, 1.150644e+00, 5.846128e-02, -7.651439e-02
-0.171201, 1.977038e-01, 1.126980e+00, 9.829448e-02, -4.914275e-02
-0.170957, -5.996053e-01, 9.843579e-01, 1.361859e-01, -1.701922e-02
-0.170713, -1.230307e+00, 7.686036e-01, 1.681013e-01, 1.704086e-02
-0.170469, -1.609902e+00, 5.372380e-01, 1.903187e-01, 5.001286e-02
-0.170225, -1.695424e+00, 3.478666e-01, 1.999230e-01, 7.898604e-02
-0.169981, -1.494166e+00, 2.472145e-01, 1.952025e-01, 1.014733e-01
-0.169736, -1.063042e+00, 2.629892e-01, 1.758914e-01, 1.156696e-01
-0.169492, -4.980449e-01, 3.998213e-01, 1.432263e-01, 1.206264e-01
-0.169248, 8.431930e-02, 6.393838e-01, 9.981020e-02, 1.163238e-01
-0.169004, 5.696344e-01, 9.439849e-01, 4.930701e-02, 1.036310e-01
-0.168760, 8.671236e-01, 1.262696e+00, -3.990434e-03, 8.416793e-02
-0.168516, 9.255490e-01, 1.539225e+00, -5.565654e-02, 6.008672e-02
-0.168272, 7.404520e-01, 1.720849e+00, -1.016268e-01, 3.380840e-02
-0.168027, 3.518281e-01, 1.767459e+00, -1.386252e-01, 7.749703e-03
-0.167783, -1.666056e-01, 1.659270e+00, -1.644731e-01, -1.592344e-02
-0.167539, -7.237548e-01, 1.401256e+00, -1.782464e-01, -3.548674e-02
-0.167295, -1.229453e+00, 1.022608e+00, -1.802707e-01, -4.977426e-02
-0.167051, -1.611090e+00, 5.705845e-01, -1.719651e-01, -5.821517e-02
-0.166807, -1.825489e+00, 1.000389e-01, -1.555659e-01, -6.079712e-02
-0.166563, -1.863847e+00, -3.384416e-01, -1.337743e-01, -5.797312e-02
-0.166318, -1.748905e+00, -7.081805e-01, -1.093801e-01, -5.053505e-02
-0.166074, -1.525318e+00, -9.910667e-01, -8.491179e-02, -3.947851e-02
-0.165830, -1.245944e+00, -1.186363e+00, -6.235604e-02, -2.588096e-02
-0.165586, -9.577549e-01, -1.304932e+00, -4.297833e-02, -1.080836e-02
-0.165342, -6.910208e-01, -1.361511e+00, -2.725872e-02, 4.742917e-03
-0.165098, -4.543073e-01, -1.367984e+00, -1.494177e-02, 1.987096e-02
-0.164854, -2.362095e-01, -1.329920e+00, -5.183599e-03, 3.376933e-02
-0.164609, -1.290849e-02, -1.247233e+00, 3.231887e-03, 4.571759e-02
-0.164365, 2.408455e-01, -1.118030e+00, 1.164328e-02, 5.507534e-02
-0.164121, 5.404995e-01, -9.434181e-01, 2.126539e-02, 6.129075e-02
-0.163877, 8.833285e-01, -7.310081e-01, 3.298037e-02, 6.392873e-02
-0.163633, 1.245335e+00, -4.957910e-01, 4.719271e-02, 6.271706e-02
-0.163389, 1.584564e+00, -2.582902e-01, 6.376409e-02, 5.760187e-02
-0.163145, 1.850203e+00, -4.084049e-02, 8.203225e-02, 4.879934e-02
-0.162900, 1.994983e+00, 1.367221e-01, 1.009063e-01, 3.682827e-02
-0.162656, 1.987246e+00, 2.607104e-01, 1.190212e-01, 2.250995e-02
-0.162412, 1.819302e+00, 3.257046e-01, 1.349256e-01, 6.925996e-03
-0.162168, 1.510044e+00, 3.348817e-01, 1.472767e-01, -8.667643e-03
-0.161924, 1.101651e+00, 2.989614e-01, 1.550113e-01, -2.296469e-02
-0.161680, 6.514948e-01, 2.344407e-01, 1.574728e-01, -3.475668e-02
-0.161436, 2.209698e-01, 1.614350e-01, 1.544749e-01, -4.308560e-02
-0.161191, -1.367393e-01, 1.009142e-01, 1.462980e-01, -4.737842e-02
-0.160947, -3.873277e-01, 7.114394e-02, 1.336208e-01, -4.754174e-02
-0.160703, -5.215884e-01, 8.376780e-02, 1.174005e-01, -4.399913e-02
-0.160459, -5.551323e-01, 1.405663e-01, 9.872307e-02, -3.766172e-02
-0.160215, -5.215775e-01, 2.319927e-01, 7.864716e-02, -2.983215e-02
-0.159971, -4.613113e-01, 3.381704e-01, 5.806773e-02, -2.205220e-02
-0.159727, -4.092010e-01, 4.324157e-01, 3.761936e-02, -1.591357e-02
-0.159482, -3.847386e-01, 4.867127e-01, 1.763414e-02, -1.285729e-02
-0.159238, -3.872578e-01, 4.780112e-01, -1.840987e-03, -1.398954e-02
-0.158994, -3.973816e-01, 3.938464e-01, -2.097203e-02, -1.993955e-02
-0.158750, -3.841727e-01, 2.357125e-01, -4.002437e-02, -3.077897e-02
-0.158506, -3.160428e-01, 1.904049e-02, -5.922786e-02, -4.601289e-02
-0.158262, -1.725767e-01, -2.303934e-01, -7.864419e-02, -6.464196e-02
-0.158018, 4.592968e-02, -4.825548e-01, -9.805965e-02, -8.528457e-02
-0.157773, 3.141036e-01, -7.097854e-01, -1.169228e-01, -1.063395e-01
-0.157529, 5.840042e-01, -8.920771e-01, -1.343400e-01, -1.261650e-01
-0.157285, 7.943104e-01, -1.019918e+00, -1.491331e-01, -1.432480e-01
-0.157041, 8.840160e-01, -1.094548e+00, -1.599551e-01, -1.563433e-01
-0.156797, 8.071629e-01, -1.125873e+00, -1.654506e-01, -1.645650e-01
-0.156553, 5.449359e-01, -1.128350e+00, -1.644419e-01, -1.674267e-01
-0.156309, 1.121634e-01, -1.115569e+00, -1.561171e-01, -1.648305e-01
-0.156065, -4.435186e-01, -1.094897e+00, -1.401956e-01, -1.570173e-01
-0.155820, -1.050031e+00, -1.064050e+00, -1.170469e-01, -1.444927e-01
-0.155576, -1.625082e+00, -1.011045e+00, -8.774535e-02, -1.279464e-01
-0.155332, -2.092845e+00, -9.177446e-01, -5.404634e-02, -1.081769e-01
-0.155088, -2.398839e+00, -7.658131e-01, -1.828155e-02, -8.603505e-02
-0.154844, -2.519217e+00, -5.430973e-01, 1.682259e-02, -6.238507e-02
-0.154600, -2.462266e+00, -2.485684e-01, 4.838868e-02, -3.808374e-02
-0.154356, -2.261935e+00, 1.053106e-01, 7.367195e-02, -1.396813e-02
-0.154111, -1.965333e+00, 4.931850e-01, 9.035456e-02, 9.156139e-03
-0.153867, -1.617936e+00, 8.801946e-01, 9.681831e-02, 3.053441e-02
-0.153623, -1.251228e+00, 1.227426e+00, 9.236285e-02, 4.949423e-02
-0.153379, -8.768974e-01, 1.498208e+00, 7.734095e-02, 6.548757e-02
-0.153135, -4.893886e-01, 1.663852e+00, 5.318926e-02, 7.813775e-02
-0.152891, -7.550792e-02, 1.707759e+00, 2.234394e-02, 8.728124e-02
-0.152647, 3.728290e-01, 1.627361e+00, -1.195651e-02, 9.299295e-02
-0.152402, 8.475671e-01, 1.433884e+00, -4.596600e-02, 9.558520e-02
-0.152158, 1.319396e+00, 1.150387e+00, -7.579471e-02, 9.557504e-02
-0.151914, 1.740776e+00, 8.088052e-01, -9.780428e-02, 9.362096e-02
-0.151670, 2.056609e+00, 4.466107e-01, -1.089904e-01, 9.043700e-02
-0.151426, 2.219408e+00, 1.031668e-01, -1.073079e-01, 8.669815e-02
-0.151182, 2.204182e+00, -1.846013e-01, -9.189936e-02, 8.295469e-02
-0.150938, 2.018226e+00, -3.874095e-01, -6.319703e-02, 7.957242e-02
-0.150693, 1.702535e+00, -4.889610e-01, -2.288415e-02, 7.671206e-02
-0.150449, 1.324283e+00, -4.897223e-01, 2.628198e-02, 7.435335e-02
-0.150205, 9.625900e-01, -4.072074e-01, 8.076506e-02, 7.236018e-02
-0.149961, 6.916578e-01, -2.718395e-01, 1.366272e-01, 7.057371e-02
-0.149717, 5.655588e-01, -1.192780e-01, 1.899424e-01, 6.891321e-02
-0.149473, 6.079127e-01, 1.829192e-02, 2.371946e-01, 6.746126e-02
-0.149229, 8.080149e-01, 1.189876e-01, 2.756113e-01, 6.651152e-02
-0.148984, 1.123537e+00, 1.741824e-01, 3.033930e-01, 6.656377e-02
-0.148740, 1.488832e+00, 1.871607e-01, 3.198128e-01, 6.826128e-02
-0.148496, 1.827051e+00, 1.685204e-01, 3.251793e-01, 7.227772e-02
-0.148252, 2.063711e+00, 1.303049e-01, 3.206740e-01, 7.917185e-02
-0.148008, 2.139174e+00, 8.100807e-02, 3.080933e-01, 8.923706e-02
-0.147764, 2.017857e+00, 2.302318e-02, 2.895350e-01, 1.023754e-01
-0.147520, 1.692863e+00, -4.689253e-02, 2.670777e-01, 1.180235e-01
-0.147275, 1.185783e+00, -1.345543e-01, 2.425000e-01, 1.351500e-01
-0.147031, 5.423417e-01, -2.438206e-01, 2.170777e-01, 1.523304e-01
-0.146787, -1.748299e-01, -3.721030e-01, 1.914845e-01, 1.678923e-01
-0.146543, -8.948383e-01, -5.074535e-01, 1.658047e-01, 1.801114e-01
-0.146299, -1.547304e+00, -6.284527e-01, 1.396486e-01, 1.874267e-01
-0.146055, -2.070525e+00, -7.074001e-01, 1.123454e-01, 1.886422e-01
-0.145811, -2.418675e+00, -7.162162e-01, 8.317761e-02, 1.830835e-01
-0.145566, -2.567664e+00, -6.334180e-01, 5.161484e-02, 1.706843e-01
-0.145322, -2.518804e+00, -4.501309e-01, 1.750828e-02, 1.519926e-01
-0.145078, -2.299060e+00, -1.735789e-01, -1.878816e-02, 1.280987e-01
-0.144834, -1.956968e+00, 1.725435e-01, -5.638906e-02, 1.004990e-01
-0.144590, -1.554327e+00, 5.506082e-01, -9.394616e-02, 7.092022e-02
-0.144346, -1.155208e+00, 9.139759e-01, -1.298034e-01, 4.113215e-02
-0.144102, -8.147210e-01, 1.213741e+00, -1.622136e-01, 1.277587e-02
-0.143857, -5.701270e-01, 1.406565e+00, -1.895828e-01, -1.277163e-02
-0.143613, -4.361399e-01, 1.462437e+00, -2.107035e-01, -3.448472e-02
-0.143369, -4.051619e-01, 1.370876e+00, -2.249391e-01, -5.172628e-02
-0.143125, -4.519568e-01, 1.144128e+00, -2.323312e-01, -6.424208e-02
-0.142881, -5.412415e-01, 8.163939e-01, -2.336108e-01, -7.212518e-02
-0.142637, -6.361135e-01, 4.388723e-01, -2.301095e-01, -7.576511e-02
-0.142393, -7.052733e-01, 7.129404e-02, -2.235826e-01, -7.579460e-02
-0.142148, -7.276165e-01, -2.286409e-01, -2.159695e-01, -7.304122e-02
-0.141904, -6.936937e-01, -4.159523e-01, -2.091228e-01, -6.848481e-02
-0.141660, -6.043789e-01, -4.669979e-01, -2.045491e-01, -6.321550e-02
-0.141416, -4.675905e-01, -3.840443e-01, -2.031964e-01, -5.838363e-02
-0.141172, -2.941767e-01, -1.946299e-01, -2.053208e-01, -5.513263e-02
-0.140928, -9.426856e-02, 5.418388e-02, -2.104536e-01, -5.450974e-02
-0.140684, 1.247150e-01, 3.053603e-01, -2.174740e-01, -5.735639e-02
-0.140440, 3.578749e-01, 5.031400e-01, -2.247784e-01, -6.418825e-02
-0.140195, 6.008271e-01, 6.036494e-01, -2.305234e-01, -7.508261e-02
-0.139951, 8.468865e-01, 5.827262e-01, -2.329087e-01, -8.959550e-02
-0.139707, 1.084538e+00, 4.394361e-01, -2.304581e-01, -1.067313e-01
-0.139463, 1.296074e+00, 1.947072e-01, -2.222592e-01, -1.249823e-01
-0.139219, 1.458080e+00, -1.143882e-01, -2.081254e-01, -1.424473e-01
-0.138975, 1.544296e+00, -4.432301e-01, -1.886561e-01, -1.570227e-01
-0.138731, 1.530844e+00, -7.491132e-01, -1.651852e-01, -1.666497e-01
-0.138486, 1.402792e+00, -9.994601e-01, -1.396238e-01, -1.695856e-01
-0.138242, 1.160102e+00, -1.176927e+00, -1.142194e-01, -1.646618e-01
-0.137998, 8.208418e-01, -1.280189e+00, -9.126517e-02, -1.514894e-01
-0.137754, 4.201944e-01, -1.320275e+00, -7.280129e-02, -1.305762e-01
-0.137510, 4.986900e-03, -1.313650e+00, -6.034911e-02, -1.033343e-01
-0.137266, -3.751871e-01, -1.274375e+00, -5.471535e-02, -7.196812e-02
-0.137022, -6.778690e-01, -1.207942e+00, -5.589100e-02, -3.925497e-02
-0.136777, -8.757071e-01, -1.108735e+00, -6.305541e-02, -8.242360e-03
-0.136533, -9.601816e-01, -9.618028e-01, -7.468037e-02, 1.809752e-02
-0.136289, -9.404296e-01, -7.484437e-01, -8.871494e-02, 3.721182e-02
-0.136045, -8.382912e-01, -4.541930e-01, -1.028215e-01, 4.726439e-02
-0.135801, -6.817379e-01, -7.730319e-02, -1.146290e-01, 4.734852e-02
-0.135557, -4.988704e-01, 3.644738e-01, -1.219698e-01, 3.759002e-02
-0.135313, -3.138743e-01, 8.310109e-01, -1.230736e-01, 1.913073e-02
-0.135068, -1.451831e-01, 1.262529e+00, -1.166999e-01, -6.000956e-03
-0.134824, -5.263241e-03, 1.588404e+00, -1.022042e-01, -3.511219e-02
-0.134580, 9.878088e-02, 1.740845e+00, -7.954067e-02, -6.512960e-02
-0.134336, 1.644295e-01, 1.670541e+00, -4.921513e-02, -9.290954e-02
-0.134092, 1.932387e-01, 1.360408e+00, -1.220341e-02, -1.155393e-01
-0.133848, 1.907110e-01, 8.336580e-01, 3.014622e-02, -1.305989e-01
-0.133604, 1.661435e-01, 1.537120e-01, 7.621361e-02, -1.363608e-01
-0.133359, 1.317383e-01, -5.844107e-01, 1.242008e-01, -1.319151e-01
-0.133115, 1.005926e-01, -1.269515e+00, 1.722169e-01, -1.172164e-01
-0.132871, 8.399934e-02, -1.793324e+00, 2.183549e-01, -9.305774e-02
-0.132627, 8.907399e-02, -2.069612e+00, 2.607656e-01, -6.098096e-02
-0.132383, 1.175507e-01, -2.049948e+00, 2.977318e-01, -2.313894e-02
-0.132139, 1.658680e-01, -1.733165e+00, 3.277452e-01, 1.787683e-02
-0.131895, 2.260571e-01, -1.166651e+00, 3.495838e-01, 5.922775e-02
-0.131650, 2.869203e-01, -4.389416e-01, 3.623825e-01, 9.802629e-02
-0.131406, 3.354035e-01, 3.352763e-01, 3.656879e-01, 1.315295e-01
-0.131162, 3.583506e-01, 1.035088e+00, 3.594871e-01, 1.573180e-01
-0.130918, 3.445822e-01, 1.554386e+00, 3.442026e-01, 1.734529e-01
-0.130674, 2.867748e-01, 1.819824e+00, 3.206488e-01, 1.786027e-01
-0.130430, 1.825740e-01, 1.802091e+00, 2.899543e-01, 1.721332e-01
-0.130186, 3.492077e-02, 1.518381e+00, 2.534587e-01, 1.541575e-01
-0.129941, -1.478954e-01, 1.025829e+00, 2.125989e-01, 1.255386e-01
-0.129697, -3.520432e-01, 4.077531e-01, 1.688034e-01, 8.784615e-02
-0.129453, -5.580578e-01, -2.436108e-01, 1.234107e-01, 4.326549e-02
-0.129209, -7.415944e-01, -8.434322e-01, 7.762523e-02, -5.536851e-03
-0.128965, -8.755972e-01, -1.325946e+00, 3.251608e-02, -5.558496e-02
-0.128721, -9.338025e-01, -1.649698e+00, -1.094583e-02, -1.037939e-01
-0.128477, -8.950114e-01, -1.796898e+00, -5.182421e-02, -1.471864e-01
-0.128232, -7.475381e-01, -1.769000e+00, -8.914763e-02, -1.831122e-01
-0.127988, -4.932807e-01, -1.581157e+00, -1.218563e-01, -2.094536e-01
-0.127744, -1.505620e-01, -1.257663e+00, -1.487865e-01, -2.248003e-01
-0.127500, 2.455538e-01, -8.293452e-01, -1.687079e-01, -2.285781e-01
-0.127256, 6.467113e-01, -3.325999e-01, -1.804184e-01, -2.211150e-01
-0.127012, 9.987709e-01, 1.911836e-01, -1.828895e-01, -2.036349e-01
-0.126768, 1.252055e+00, 6.971463e-01, -1.754418e-01, -1.781725e-01
-0.126523, 1.371538e+00, 1.140011e+00, -1.579243e-01, -1.474092e-01
-0.126279, 1.343763e+00, 1.478368e+00, -1.308614e-01, -1.144416e-01
-0.126035, 1.178385e+00, 1.679534e+00, -9.553761e-02, -8.249591e-02
-0.125791, 9.043036e-01, 1.724327e+00, -5.399314e-02, -5.461644e-02
-0.125547, 5.621333e-01, 1.611134e+00, -8.916716e-03, -3.335540e-02
-0.125303, 1.954674e-01, 1.358278e+00, 3.656240e-02, -2.049875e-02
-0.125059, -1.567240e-01, 1.003404e+00, 7.916614e-02, -1.685918e-02
-0.124815, -4.648749e-01, 5.987666e-01, 1.158108e-01, -2.216344e-02
-0.124570, -7.101453e-01, 2.024217e-01, 1.439596e-01, -3.505209e-02
-0.124326, -8.828845e-01, -1.329297e-01, 1.619363e-01, -5.319785e-02
-0.124082, -9.797733e-01, -3.703718e-01, 1.691559e-01, -7.353498e-02
-0.123838, -1.001402e+00, -4.953044e-01, 1.662343e-01, -9.257819e-02
-0.123594, -9.514491e-01, -5.162088e-01, 1.549548e-01, -1.067976e-01
-0.123350, -8.375024e-01, -4.598135e-01, 1.380868e-01, -1.130084e-01
-0.123106, -6.725741e-01, -3.625617e-01, 1.190723e-01, -1.087290e-01
-0.122861, -4.758927e-01, -2.610503e-01, 1.016126e-01, -9.246628e-02
-0.122617, -2.717770e-01, -1.838523e-01, 8.920476e-02, -6.389237e-02
-0.122373, -8.606650e-02, -1.462657e-01, 8.468373e-02, -2.389075e-02
-0.122129, 5.944225e-02, -1.485775e-01, 8.983017e-02, 2.553399e-02
-0.121885, 1.530914e-01, -1.777156e-01, 1.050958e-01, 8.147256e-02
-0.121641, 1.977691e-01, -2.116408e-01, 1.294863e-01, 1.404276e-01
-0.121397, 2.113704e-01, -2.253568e-01, 1.606227e-01, 1.986921e-01
-0.121152, 2.221309e-01, -1.970785e-01, 1.949789e-01, 2.527436e-01
-0.120908, 2.596835e-01, -1.131813e-01, 2.282720e-01, 2.996071e-01
-0.120664, 3.446647e-01, 2.888403e-02, 2.559587e-01, 3.371435e-01
-0.120420, 4.805083e-01, 2.198792e-01, 2.737806e-01, 3.642283e-01
-0.120176, 6.504095e-01, 4.401053e-01, 2.782879e-01, 3.808038e-01
-0.119932, 8.208242e-01, 6.625274e-01, 2.672777e-01, 3.877986e-01
-0.119688, 9.508069e-01, 8.573130e-01, 2.400900e-01, 3.869298e-01
-0.119443, 1.004470e+00, 9.971635e-01, 1.977226e-01, 3.804167e-01
-0.119199, 9.625264e-01, 1.062630e+00, 1.427508e-01, 3.706460e-01
-0.118955, 8.289836e-01, 1.046478e+00, 7.906116e-02, 3.598356e-01
-0.118711, 6.308177e-01, 9.559948e-01, 1.143508e-02, 3.497425e-01
-0.118467, 4.110514e-01, 8.121896e-01, -5.496640e-02, 3.414545e-01
-0.118223, 2.178474e-01, 6.453378e-01, -1.151497e-01, 3.352912e-01
-0.117979, 9.297045e-02, 4.874880e-01, -1.648012e-01, 3.308250e-01
-0.117734, 6.236330e-02, 3.638285e-01, -2.007050e-01, 3.270138e-01
-0.117490, 1.304561e-01, 2.856302e-01, -2.210202e-01, 3.224210e-01
-0.117246, 2.789361e-01, 2.472515e-01, -2.253941e-01, 3.154845e-01
-0.117002, 4.701151e-01, 2.285051e-01, -2.149099e-01, 3.047928e-01
-0.116758, 6.544220e-01, 2.019852e-01, -1.918893e-01, 2.893218e-01
-0.116514, 7.807343e-01, 1.432354e-01, -1.595879e-01, 2.685979e-01
-0.116270, 8.074316e-01, 4.044113e-02, -1.218304e-01, 2.427628e-01
-0.116025, 7.115982e-01, -9.981090e-02, -8.263407e-02, 2.125331e-01
-0.115781, 4.940762e-01, -2.530168e-01, -4.586481e-02, 1.790658e-01
-0.115537, 1.791472e-01, -3.836705e-01, -1.495609e-02, 1.437544e-01
-0.115293, -1.908958e-01, -4.564785e-01, 7.292150e-03, 1.079939e-01
-0.115049, -5.647839e-01, -4.481347e-01, 1.883330e-02, 7.295603e-02
-0.114805, -8.927286e-01, -3.556663e-01, 1.842291e-02, 3.941301e-02
-0.114561, -1.135889e+00, -1.985920e-01, 5.614629e-03, 7.640951e-03
-0.114316, -1.272646e+00, -1.430111e-02, -1.927752e-02, -2.258132e-02
-0.114072, -1.300351e+00, 1.517273e-01, -5.523435e-02, -5.187828e-02
-0.113828, -1.232703e+00, 2.577664e-01, -1.005955e-01, -8.110528e-02
-0.113584, -1.094368e+00, 2.762292e-01, -1.531321e-01, -1.111278e-01
-0.113340, -9.149909e-01, 1.996925e-01, -2.101343e-01, -1.425906e-01
-0.113096, -7.241903e-01, 4.108638e-02, -2.685254e-01, -1.757169e-01
-0.112852, -5.480775e-01, -1.715535e-01, -3.250114e-01, -2.101734e-01
-0.112607, -4.071753e-01, -4.037247e-01, -3.762717e-01, -2.450263e-01
-0.112363, -3.153803e-01, -6.236347e-01, -4.191851e-01, -2.787981e-01
-0.112119, -2.795333e-01, -8.092587e-01, -4.510769e-01, -3.096212e-01
-0.111875, -2.991817e-01, -9.516138e-01, -4.699624e-01, -3.354680e-01
-0.111631, -3.664105e-01, -1.053986e+00, -4.747544e-01, -3.544240e-01
-0.111387, -4.660447e-01, -1.128146e+00, -4.654051e-01, -3.649679e-01
-0.111143, -5.767300e-01, -1.189259e+00, -4.429530e-01, -3.662159e-01
-0.110898, -6.731998e-01, -1.251008e+00, -4.094613e-01, -3.580983e-01
-0.110654, -7.295677e-01, -1.321740e+00, -3.678441e-01, -3.414401e-01
-0.110410, -7.230931e-01, -1.401846e+00, -3.215968e-01, -3.179361e-01
-0.110166, -6.378232e-01, -1.482385e+00, -2.744590e-01, -2.900182e-01
-0.109922, -4.677373e-01, -1.545272e+00, -2.300506e-01, -2.606334e-01
-0.109678, -2.191526e-01, -1.565529e+00, -1.915248e-01, -2.329546e-01
-0.109434, 8.798940e-02, -1.515803e+00, -1.612807e-01, -2.100590e-01
-0.109190, 4.205934e-01, -1.372538e+00, -1.407667e-01, -1.946088e-01
-0.108945, 7.353335e-01, -1.122265e+00, -1.303962e-01, -1.885702e-01
-0.108701, 9.843731e-01, -7.661882e-01, -1.295762e-01, -1.929990e-01
-0.108457, 1.123380e+00, -3.218333e-01, -1.368372e-01, -2.079172e-01
-0.108213, 1.120298e+00, 1.785383e-01, -1.500400e-01, -2.322918e-01
-0.107969, 9.626827e-01, 6.922695e-01, -1.666254e-01, -2.641183e-01
-0.107725, 6.615478e-01, 1.172542e+00, -1.838748e-01, -3.006014e-01
-0.107481, 2.504472e-01, 1.575424e+00, -1.991509e-01, -3.384129e-01
-0.107236, -2.202565e-01, 1.866383e+00, -2.100977e-01, -3.740024e-01
-0.106992, -6.927020e-01, 2.024779e+00, -2.147878e-01, -4.039286e-01
-0.106748, -1.112131e+00, 2.045238e+00, -2.118158e-01, -4.251786e-01
-0.106504, -1.436017e+00, 1.935846e+00, -2.003433e-01, -4.354425e-01
-0.106260, -1.639374e+00, 1.714220e+00, -1.801058e-01, -4.333166e-01
-0.106016, -1.715224e+00, 1.403262e+00, -1.513927e-01, -4.184143e-01
-0.105772, -1.671000e+00, 1.028230e+00, -1.150058e-01, -3.913758e-01
-0.105527, -1.523113e+00, 6.159073e-01, -7.220397e-02, -3.537771e-01
-0.105283, -1.292108e+00, 1.953017e-01, -2.462900e-02, -3.079490e-01
-0.105039, -9.998161e-01, -2.015425e-01, 2.578700e-02, -2.567303e-01
-0.104795, -6.683617e-01, -5.402151e-01, 7.693853e-02, -2.031811e-01
-0.104551, -3.200617e-01, -7.870429e-01, 1.266878e-01, -1.502912e-01
-0.104307, 2.275319e-02, -9.144756e-01, 1.730259e-01, -1.007139e-01
-0.104063, 3.385014e-01, -9.074482e-01, 2.142438e-01, -5.655457e-02
-0.103818, 6.077462e-01, -7.687270e-01, 2.490969e-01, -1.923241e-02
-0.103574, 8.149856e-01, -5.213321e-01, 2.769426e-01, 1.057467e-02
-0.103330, 9.504880e-01, -2.068688e-01, 2.978315e-01, 3.290385e-02
-0.103086, 1.011835e+00, 1.203821e-01, 3.125318e-01, 4.841218e-02
-0.102842, 1.004833e+00, 4.026974e-01, 3.224792e-01, 5.823211e-02
-0.102598, 9.434643e-01, 5.895866e-01, 3.296474e-01, 6.380167e-02
-0.102354, 8.485763e-01, 6.474487e-01, 3.363499e-01, 6.669365e-02
-0.102109, 7.451909e-01, 5.659060e-01, 3.449919e-01, 6.846447e-02
-0.101865, 6.586303e-01, 3.593419e-01, 3.577991e-01, 7.053729e-02
-0.101621, 6.100414e-01, 6.330473e-02, 3.765550e-01, 7.412634e-02
-0.101377, 6.122002e-01, -2.734003e-01, 4.023804e-01, 8.020176e-02
-0.101133, 6.665984e-01, -5.990670e-01, 4.355809e-01, 8.948799e-02
-0.100889, 7.627598e-01, -8.693255e-01, 4.755852e-01, 1.024847e-01
-0.100645, 8.804362e-01, -1.054652e+00, 5.209814e-01, 1.194976e-01
-0.100400, 9.945969e-01, -1.143390e+00, 5.696493e-01, 1.406682e-01
-0.100156, 1.082004e+00, -1.140077e+00, 6.189724e-01, 1.659935e-01
-0.099912, 1.127231e+00, -1.060510e+00, 6.661050e-01, 1.953330e-01
-0.099668, 1.125905e+00, -9.257601e-01, 7.082615e-01, 2.284017e-01
-0.099424, 1.083977e+00, -7.570225e-01, 7.429917e-01, 2.647547e-01
-0.099180, 1.013523e+00, -5.722136e-01, 7.684103e-01, 3.037686e-01
-0.098936, 9.271065e-01, -3.845061e-01, 7.833521e-01, 3.446276e-01
-0.098691, 8.332649e-01, -2.025740e-01, 7.874357e-01, 3.863198e-01
-0.098447, 7.349599e-01, -3.201736e-02, 7.810312e-01, 4.276498e-01
-0.098203, 6.312333e-01, 1.227980e-01, 7.651363e-01, 4.672696e-01
-0.097959, 5.207966e-01, 2.572774e-01, 7.411816e-01, 5.037299e-01
-0.097715, 4.055820e-01, 3.661637e-01, 7.107900e-01, 5.355508e-01
-0.097471, 2.926338e-01, 4.445382e-01, 6.755244e-01, 5.613092e-01
-0.097227, 1.936813e-01, 4.901827e-01, 6.366554e-01, 5.797410e-01
-0.096982, 1.226371e-01, 5.064899e-01, 5.949811e-01, 5.898501e-01
-0.096738, 9.182670e-02, 5.044676e-01, 5.507214e-01, 5.910178e-01
-0.096494, 1.080656e-01, 5.022991e-01, 5.035019e-01, 5.831007e-01
-0.096250, 1.698063e-01, 5.216455e-01, 4.524297e-01, 5.665054e-01
-0.096006, 2.663005e-01, 5.812892e-01, 3.962514e-01, 5.422263e-01
-0.095762, 3.791021e-01, 6.902260e-01, 3.335752e-01, 5.118322e-01
-0.095518, 4.856104e-01, 8.429738e-01, 2.631275e-01, 4.773939e-01
-0.095273, 5.639445e-01, 1.019232e+00, 1.840130e-01, 4.413476e-01
-0.095029, 5.981170e-01, 1.188410e+00, 9.594191e-02, 4.062977e-01
-0.094785, 5.821682e-01, 1.317743e+00, -6.037562e-04, 3.747726e-01
-0.094541, 5.218722e-01, 1.381423e+00, -1.042907e-01, 3.489561e-01
-0.094297, 4.331211e-01, 1.367891e+00, -2.129542e-01, 3.304229e-01
-0.094053, 3.370408e-01, 1.283225e+00, -3.237187e-01, 3.199136e-01
-0.093809, 2.530074e-01, 1.149874e+00, -4.332089e-01, 3.171834e-01
-0.093565, 1.916707e-01, 1.001091e+00, -5.378280e-01, 3.209509e-01
-0.093320, 1.504266e-01, 8.723233e-01, -6.340720e-01, 3.289669e-01
-0.093076, 1.131600e-01, 7.915360e-01, -7.188428e-01, 3.382036e-01
-0.092832, 5.463200e-02, 7.711346e-01, -7.897234e-01, 3.451505e-01
-0.092588, -5.182392e-02, 8.040091e-01, -8.451813e-01, 3.461858e-01
-0.092344, -2.258478e-01, 8.651026e-01, -8.846763e-01, 3.379788e-01
-0.092100, -4.735550e-01, 9.180817e-01, -9.086598e-01, 3.178733e-01
-0.091856, -7.848439e-01, 9.249976e-01, -9.184677e-01, 2.841994e-01
-0.091611, -1.135040e+00, 8.559858e-01, -9.161215e-01, 2.364728e-01
-0.091367, -1.490194e+00, 6.964041e-01, -9.040666e-01, 1.754533e-01
-0.091123, -1.814467e+00, 4.500275e-01, -8.848817e-01, 1.030543e-01
-0.090879, -2.077560e+00, 1.381952e-01, -8.610001e-01, 2.211751e-02
-0.090635, -2.260225e+00, -2.044691e-01, -8.344768e-01, -6.391653e-02
-0.090391, -2.356498e+00, -5.368724e-01, -8.068324e-01, -1.513939e-01
-0.090147, -2.372259e+00, -8.196707e-01, -7.789886e-01, -2.368366e-01
-0.089902, -2.320782e+00, -1.023363e+00, -7.512989e-01, -3.172822e-01
-0.089658, -2.216830e+00, -1.134487e+00, -7.236615e-01, -3.905322e-01
-0.089414, -2.071340e+00, -1.158364e+00, -6.956898e-01, -4.552805e-01
-0.089170, -1.888556e+00, -1.117535e+00, -6.669088e-01, -5.111134e-01
-0.088926, -1.666621e+00, -1.046018e+00, -6.369407e-01, -5.583934e-01
-0.088682, -1.401328e+00, -9.806348e-01, -6.056475e-01, -5.980519e-01
-0.088438, -1.091456e+00, -9.516174e-01, -5.732083e-01, -6.313323e-01
-0.088193, -7.433404e-01, -9.750908e-01, -5.401188e-01, -6.595251e-01
-0.087949, -3.726092e-01, -1.049425e+00, -5.071182e-01, -6.837358e-01
-0.087705, -2.159307e-03, -1.156171e+00, -4.750590e-01, -7.047179e-01
-0.087461, 3.427487e-01, -1.264966e+00, -4.447485e-01, -7.227892e-01
-0.087217, 6.401008e-01, -1.341013e+00, -4.167926e-01, -7.378361e-01
-0.086973, 8.751108e-01, -1.353425e+00, -3.914725e-01, -7.493950e-01
-0.086729, 1.041420e+00, -1.282634e+00, -3.686781e-01, -7.567908e-01
-0.086484, 1.139991e+00, -1.125215e+00, -3.479099e-01, -7.593044e-01
-0.086240, 1.177067e+00, -8.948518e-01, -3.283451e-01, -7.563398e-01
-0.085996, 1.162253e+00, -6.190752e-01, -3.089564e-01, -7.475656e-01
-0.085752, 1.106990e+00, -3.326225e-01, -2.886554e-01, -7.330077e-01
-0.085508, 1.023157e+00, -6.937800e-02, -2.664335e-01, -7.130851e-01
-0.085264, 9.216202e-01, 1.447114e-01, -2.414729e-01, -6.885835e-01
-0.085020, 8.108318e-01, 2.958016e-01, -2.132073e-01, -6.605741e-01
-0.084775, 6.957521e-01, 3.824834e-01, -1.813250e-01, -6.302908e-01
-0.084531, 5.772782e-01, 4.125587e-01, -1.457197e-01, -5.989839e-01
-0.084287, 4.522688e-01, 3.975663e-01, -1.064052e-01, -5.677695e-01
-0.084043, 3.143375e-01, 3.469198e-01, -6.342165e-02, -5.374952e-01
-0.083799, 1.556380e-01, 2.634729e-01, -1.675981e-02, -5.086385e-01
-0.083555, -3.041491e-02, 1.418555e-01, 3.367167e-02, -4.812504e-01
-0.083311, -2.460366e-01, -2.970371e-02, 8.802157e-02, -4.549524e-01
-0.083066, -4.864686e-01, -2.641035e-01, 1.464129e-01, -4.289862e-01
-0.082822, -7.388358e-01, -5.676913e-01, 2.088151e-01, -4.023122e-01
-0.082578, -9.832923e-01, -9.322997e-01, 2.748967e-01, -3.737460e-01
-0.082334, -1.196832e+00, -1.329724e+00, 3.438947e-01, -3.421158e-01
-0.082090, -1.359173e+00, -1.711037e+00, 4.145318e-01, -3.064230e-01
-0.081846, -1.458894e+00, -2.011976e+00, 4.850142e-01, -2.659851e-01
-0.081602, -1.497270e+00, -2.164030e+00, 5.531225e-01, -2.205425e-01
-0.081357, -1.487751e+00, -2.109136e+00, 6.163964e-01, -1.703130e-01
-0.081113, -1.450712e+00, -1.814471e+00, 6.723939e-01, -1.159853e-01
-0.080869, -1.405227e+00, -1.283382e+00, 7.189882e-01, -5.864965e-02
-0.080625, -1.360817e+00, -5.594539e-01, 7.546582e-01, 3.267101e-04
-0.080381, -1.311966e+00, 2.775285e-01, 7.787232e-01, 5.946609e-02
-0.080137, -1.237185e+00, 1.123045e+00, 7.914783e-01, 1.173662e-01
-0.079893, -1.103170e+00, 1.864416e+00, 7.942019e-01, 1.728814e-01
-0.079648, -8.734802e-01, 2.399159e+00, 7.890248e-01, 2.252731e-01
-0.079404, -5.199836e-01, 2.651676e+00, 7.786737e-01, 2.743086e-01
-0.079160, -3.425025e-02, 2.585539e+00, 7.661223e-01, 3.202907e-01
-0.078916, 5.644670e-01, 2.209558e+00, 7.541984e-01, 3.640117e-01
-0.078672, 1.227647e+00, 1.576678e+00, 7.452068e-01, 4.066358e-01
-0.078428, 1.883793e+00, 7.757033e-01, 7.406223e-01, 4.495209e-01
-0.078184, 2.451850e+00, -8.284934e-02, 7.409004e-01, 4.940035e-01
-0.077940, 2.858699e+00, -8.841433e-01, 7.454334e-01, 5.411738e-01
-0.077695, 3.056213e+00, -1.526438e+00, 7.526583e-01, 5.916712e-01
-0.077451, 3.033178e+00, -1.935606e+00, 7.602977e-01, 6.455279e-01
-0.077207, 2.818628e+00, -2.074649e+00, 7.656972e-01, 7.020844e-01
-0.076963, 2.475387e+00, -1.946953e+00, 7.662084e-01, 7.599883e-01
-0.076719, 2.085366e+00, -1.592939e+00, 7.595597e-01, 8.172806e-01
-0.076475, 1.730607e+00, -1.080780e+00, 7.441649e-01, 8.715598e-01
-0.076231, 1.475335e+00, -4.928188e-01, 7.193267e-01, 9.202052e-01
-0.075986, 1.353799e+00, 8.982601e-02, 6.853135e-01, 9.606324e-01
-0.075742, 1.366541e+00, 6.016007e-01, 6.433040e-01, 9.905518e-01
-0.075498, 1.484949e+00, 1.003038e+00, 5.952171e-01, 1.008199e+00
-0.075254, 1.661596e+00, 1.285438e+00, 5.434547e-01, 1.012508e+00
-0.075010, 1.842824e+00, 1.468804e+00, 4.905989e-01, 1.003216e+00
-0.074766, 1.980388e+00, 1.593443e+00, 4.391049e-01, 9.808774e-01
-0.074522, 2.040090e+00, 1.707126e+00, 3.910275e-01, 9.467976e-01
-0.074277, 2.006565e+00, 1.850871e+00, 3.478120e-01, 9.028913e-01
-0.074033, 1.884119e+00, 2.046966e+00, 3.101661e-01, 8.514868e-01
-0.073789, 1.693911e+00, 2.292264e+00, 2.780199e-01, 7.950978e-01
-0.073545, 1.468095e+00, 2.558267e+00, 2.505691e-01, 7.361922e-01
-0.073301, 1.241889e+00, 2.797610e+00, 2.263864e-01, 6.769825e-01
-0.073057, 1.044890e+00, 2.954985e+00, 2.035849e-01, 6.192590e-01
-0.072813, 8.933887e-01, 2.979777e+00, 1.800119e-01, 5.642819e-01
-0.072568, 7.857210e-01, 2.837619e+00, 1.534529e-01, 5.127368e-01
-0.072324, 7.022634e-01, 2.518398e+00, 1.218287e-01, 4.647531e-01
-0.072080, 6.104815e-01, 2.039040e+00, 8.336914e-02, 4.199735e-01
-0.071836, 4.738511e-01, 1.440644e+00, 3.675210e-02, 3.776605e-01
-0.071592, 2.622759e-01, 7.809123e-01, -1.880292e-02, 3.368194e-01
-0.071348, -3.888903e-02, 1.238080e-01, -8.349156e-02, 2.963218e-01
-0.071104, -4.238663e-01, -4.711039e-01, -1.569347e-01, 2.550115e-01
-0.070859, -8.671058e-01, -9.572277e-01, -2.382396e-01, 2.117860e-01
-0.070615, -1.329257e+00, -1.305665e+00, -3.261049e-01, 1.656493e-01
-0.070371, -1.766282e+00, -1.505614e+00, -4.189578e-01, 1.157402e-01
-0.070127, -2.138623e+00, -1.561393e+00, -5.151072e-01, 6.134490e-02
-0.069883, -2.417758e+00, -1.488036e+00, -6.128927e-01, 1.906410e-03
-0.069639, -2.588823e+00, -1.307419e+00, -7.108104e-01, -6.295927e-02
-0.069395, -2.649635e+00, -1.046129e+00, -8.075966e-01, -1.334322e-01
-0.069150, -2.607762e+00, -7.350049e-01, -9.022580e-01, -2.094413e-01
-0.068906, -2.477708e+00, -4.093106e-01, -9.940408e-01, -2.906074e-01
-0.068662, -2.279489e+00, -1.079363e-01, -1.082346e+00, -3.761865e-01
-0.068418, -2.038487e+00, 1.297779e-01, -1.166604e+00, -4.650312e-01
-0.068174, -1.785308e+00, 2.700179e-01, -1.246130e+00, -5.555852e-01
-0.067930, -1.554088e+00, 2.919906e-01, -1.319992e+00, -6.459261e-01
-0.067686, -1.378486e+00, 1.941227e-01, -1.386914e+00, -7.338616e-01
-0.067441, -1.285943e+00, -4.056947e-03, -1.445255e+00, -8.170778e-01
-0.067197, -1.291979e+00, -2.658389e-01, -1.493050e+00, -8.933273e-01
-0.066953, -1.396601e+00, -5.461441e-01, -1.528149e+00, -9.606334e-01
-0.066709, -1.584076e+00, -8.024086e-01, -1.548422e+00, -1.017485e+00
-0.066465, -1.825980e+00, -1.004166e+00, -1.551997e+00, -1.062988e+00
-0.066221, -2.086311e+00, -1.138659e+00, -1.537524e+00, -1.096959e+00
-0.065977, -2.327205e+00, -1.211258e+00, -1.504394e+00, -1.119917e+00
-0.065732, -2.514202e+00, -1.241123e+00, -1.452894e+00, -1.133010e+00
-0.065488, -2.620512e+00, -1.253841e+00, -1.384259e+00, -1.137834e+00
-0.065244, -2.629997e+00, -1.273356e+00, -1.300614e+00, -1.136215e+00
-0.065000, -2.538668e+00, -1.315373e+00, -1.204796e+00, -1.129948e+00
-0.064756, -2.354632e+00, -1.383765e+00, -1.100091e+00, -1.120551e+00
-0.064512, -2.096448e+00, -1.470569e+00, -9.899000e-01, -1.109059e+00
-0.064268, -1.790008e+00, -1.558999e+00, -8.773962e-01, -1.095899e+00
-0.064023, -1.464325e+00, -1.628030e+00, -7.652095e-01, -1.080842e+00
-0.063779, -1.146864e+00, -1.657041e+00, -6.551848e-01, -1.063059e+00
-0.063535, -8.592558e-01, -1.629595e+00, -5.482472e-01, -1.041254e+00
-0.063291, -6.142248e-01, -1.536173e+00, -4.443901e-01, -1.013863e+00
-0.063047, -4.144925e-01, -1.376019e+00, -3.427861e-01, -9.792758e-01
-0.062803, -2.539092e-01, -1.158069e+00, -2.420029e-01, -9.360613e-01
-0.062559, -1.202030e-01, -9.007183e-01, -1.402903e-01, -8.831610e-01
-0.062315, 1.886232e-03, -6.301816e-01, -3.589762e-02, -8.200224e-01
-0.062070, 1.281274e-01, -3.774599e-01, 7.262272e-02, -7.466657e-01
-0.061826, 2.731486e-01, -1.740916e-01, 1.861666e-01, -6.636775e-01
-0.061582, 4.490172e-01, -4.700762e-02, 3.049146e-01, -5.721391e-01
-0.061338, 6.633968e-01, -1.323690e-02, 4.282714e-01, -4.735067e-01
-0.061094, 9.173225e-01, -7.575033e-02, 5.549101e-01, -3.694619e-01
-0.060850, 1.203490e+00, -2.217198e-01, 6.829090e-01, -2.617552e-01
-0.060606, 1.506235e+00, -4.236683e-01, 8.099564e-01, -1.520628e-01
-0.060361, 1.803740e+00, -6.430582e-01, 9.335923e-01, -4.187078e-02
-0.060117, 2.071872e+00, -8.354866e-01, 1.051451e+00, 6.760171e-02
-0.059873, 2.288314e+00, -9.567957e-01, 1.161475e+00, 1.754369e-01
-0.059629, 2.435949e+00, -9.695248e-01, 1.262072e+00, 2.810115e-01
-0.059385, 2.505278e+00, -8.489493e-01, 1.352203e+00, 3.839534e-01
-0.059141, 2.496191e+00, -5.876613e-01, 1.431397e+00, 4.840717e-01
-0.058897, 2.419118e+00, -1.976672e-01, 1.499698e+00, 5.812702e-01
-0.058652, 2.295033e+00, 2.905329e-01, 1.557558e+00, 6.754552e-01
-0.058408, 2.153542e+00, 8.316467e-01, 1.605703e+00, 7.664506e-01
-0.058164, 2.028712e+00, 1.371292e+00, 1.644984e+00, 8.539295e-01
-0.057920, 1.953056e+00, 1.852899e+00, 1.676238e+00, 9.373713e-01
-0.057676, 1.950851e+00, 2.225231e+00, 1.700177e+00, 1.016052e+00
-0.057432, 2.032446e+00, 2.449926e+00, 1.717300e+00, 1.089066e+00
-0.057188, 2.191039e+00, 2.507996e+00, 1.727857e+00, 1.155389e+00
-0.056943, 2.402746e+00, 2.403828e+00, 1.731824e+00, 1.213962e+00
-0.056699, 2.629926e+00, 2.165167e+00, 1.728926e+00, 1.263801e+00
-0.056455, 2.827133e+00, 1.838354e+00, 1.718659e+00, 1.304106e+00
-0.056211, 2.948784e+00, 1.479369e+00, 1.700328e+00, 1.334367e+00
-0.055967, 2.957355e+00, 1.142726e+00, 1.673085e+00, 1.354439e+00
-0.055723, 2.830651e+00, 8.711088e-01, 1.635961e+00, 1.364573e+00
-0.055479, 2.566565e+00, 6.884879e-01, 1.587903e+00, 1.365396e+00
-0.055234, 2.184251e+00, 5.983758e-01, 1.527802e+00, 1.357841e+00
-0.054990, 1.721528e+00, 5.872519e-01, 1.454538e+00, 1.343021e+00
-0.054746, 1.229172e+00, 6.315345e-01, 1.367033e+00, 1.322073e+00
-0.054502, 7.631333e-01, 7.054192e-01, 1.264334e+00, 1.295987e+00
-0.054258, 3.758705e-01, 7.869242e-01, 1.145707e+00, 1.265451e+00
-0.054014, 1.080174e-01, 8.606210e-01, 1.010770e+00, 1.230732e+00
-0.053770, -1.831986e-02, 9.172709e-01, 8.596179e-01, 1.191611e+00
-0.053525, -3.506638e-03, 9.519799e-01, 6.929647e-01, 1.147402e+00
-0.053281, 1.290713e-01, 9.627668e-01, 5.122496e-01, 1.097034e+00
-0.053037, 3.357575e-01, 9.506263e-01, 3.197082e-01, 1.039199e+00
-0.052793, 5.580189e-01, 9.208502e-01, 1.183780e-01, 9.725493e-01
-0.052549, 7.297393e-01, 8.842952e-01, -8.797488e-02, 8.959001e-01
-0.052305, 7.858636e-01, 8.569847e-01, -2.950152e-01, 8.084270e-01
-0.052061, 6.718762e-01, 8.570448e-01, -4.980807e-01, 7.098122e-01
-0.051816, 3.532858e-01, 8.991388e-01, -6.924925e-01, 6.003255e-01
-0.051572, -1.761850e-01, 9.878111e-01, -8.739045e-01, 4.808267e-01
-0.051328, -8.894203e-01, 1.112037e+00, -1.038658e+00, 3.526905e-01
-0.051084, -1.725574e+00, 1.243373e+00, -1.184094e+00, 2.176662e-01
-0.050840, -2.595931e+00, 1.339193e+00, -1.308792e+00, 7.769865e-02
-0.050596, -3.396063e+00, 1.350777e+00, -1.412684e+00, -6.526234e-02
-0.050352, -4.022608e+00, 1.234267e+00, -1.497037e+00, -2.094311e-01
-0.050107, -4.391530e+00, 9.614883e-01, -1.564287e+00, -3.533098e-01
-0.049863, -4.454233e+00, 5.277712e-01, -1.617744e+00, -4.957479e-01
-0.049619, -4.208254e+00, -4.507004e-02, -1.661196e+00, -6.359347e-01
-0.049375, -3.699987e+00, -7.111741e-01, -1.698456e+00, -7.733293e-01
-0.049131, -3.018061e+00, -1.407864e+00, -1.732923e+00, -9.075473e-01
-0.048887, -2.277844e+00, -2.066116e+00, -1.767182e+00, -1.038228e+00
-0.048643, -1.599923e+00, -2.622083e+00, -1.802738e+00, -1.164906e+00
-0.048398, -1.087198e+00, -3.027197e+00, -1.839867e+00, -1.286918e+00
-0.048154, -8.057077e-01, -3.254699e+00, -1.877646e+00, -1.403343e+00
-0.047910, -7.732330e-01, -3.301396e+00, -1.914115e+00, -1.513010e+00
-0.047666, -9.577667e-01, -3.184953e+00, -1.946576e+00, -1.614544e+00
-0.047422, -1.285861e+00, -2.938330e+00, -1.971947e+00, -1.706446e+00
-0.047178, -1.658990e+00, -2.603476e+00, -1.987144e+00, -1.787193e+00
-0.046934, -1.974587e+00, -2.225667e+00, -1.989425e+00, -1.855333e+00
-0.046690, -2.147448e+00, -1.848818e+00, -1.976638e+00, -1.909555e+00
-0.046445, -2.127011e+00, -1.511346e+00, -1.947361e+00, -1.948719e+00
-0.046201, -1.906924e+00, -1.242431e+00, -1.900912e+00, -1.971856e+00
-0.045957, -1.525011e+00, -1.059144e+00, -1.837250e+00, -1.978129e+00
-0.045713, -1.054009e+00, -9.652342e-01, -1.756785e+00, -1.966775e+00
-0.045469, -5.853895e-01, -9.519182e-01, -1.660167e+00, -1.937051e+00
-0.045225, -2.100285e-01, -1.000468e+00, -1.548074e+00, -1.888186e+00
-0.044981, 1.500853e-04, -1.086013e+00, -1.421065e+00, -1.819377e+00
-0.044736, 5.960216e-03, -1.181979e+00, -1.279503e+00, -1.729819e+00
-0.044492, -1.921994e-01, -1.264570e+00, -1.123588e+00, -1.618773e+00
-0.044248, -5.552271e-01, -1.316572e+00, -9.534560e-01, -1.485680e+00
-0.044004, -1.013108e+00, -1.329493e+00, -7.693519e-01, -1.330289e+00
-0.043760, -1.477526e+00, -1.303122e+00, -5.718115e-01, -1.152791e+00
-0.043516, -1.856674e+00, -1.242261e+00, -3.618307e-01, -9.539454e-01
-0.043272, -2.069856e+00, -1.151537e+00, -1.409770e-01, -7.351726e-01
-0.043027, -2.060049e+00, -1.030292e+00, 8.857659e-02, -4.986023e-01
-0.042783, -1.803025e+00, -8.698116e-01, 3.241061e-01, -2.470743e-01
-0.042539, -1.311852e+00, -6.544126e-01, 5.624695e-01, 1.591489e-02
-0.042295, -6.359426e-01, -3.661773e-01, 8.002986e-01, 2.863136e-01
-0.042051, 1.456715e-01, 8.422647e-03, 1.034217e+00, 5.596556e-01
-0.041807, 9.363399e-01, 4.724140e-01, 1.261054e+00, 8.312277e-01
-0.041563, 1.637734e+00, 1.014542e+00, 1.478019e+00, 1.096251e+00
-0.041318, 2.167613e+00, 1.608609e+00, 1.682830e+00, 1.350062e+00
-0.041074, 2.476470e+00, 2.215917e+00, 1.873762e+00, 1.588283e+00
-0.040830, 2.559471e+00, 2.790265e+00, 2.049644e+00, 1.806973e+00
-0.040586, 2.460117e+00, 3.284584e+00, 2.209794e+00, 2.002748e+00
-0.040342, 2.263431e+00, 3.657948e+00, 2.353915e+00, 2.172868e+00
-0.040098, 2.078940e+00, 3.881613e+00, 2.481967e+00, 2.315285e+00
-0.039854, 2.016718e+00, 3.942976e+00, 2.594024e+00, 2.428650e+00
-0.039609, 2.161935e+00, 3.846899e+00, 2.690140e+00, 2.512274e+00
-0.039365, 2.554070e+00, 3.614444e+00, 2.770207e+00, 2.566041e+00
-0.039121, 3.175854e+00, 3.279454e+00, 2.833842e+00, 2.590291e+00
-0.038877, 3.954634e+00, 2.883510e+00, 2.880277e+00, 2.585657e+00
-0.038633, 4.775864e+00, 2.469929e+00, 2.908288e+00, 2.552897e+00
-0.038389, 5.505578e+00, 2.077809e+00, 2.916154e+00, 2.492711e+00
-0.038145, 6.016816e+00, 1.737108e+00, 2.901666e+00, 2.405587e+00
-0.037900, 6.214295e+00, 1.465494e+00, 2.862200e+00, 2.291682e+00
-0.037656, 6.052096e+00, 1.267183e+00, 2.794850e+00, 2.150770e+00
-0.037412, 5.540737e+00, 1.133646e+00, 2.696637e+00, 1.982267e+00
-0.037168, 4.742511e+00, 1.045851e+00, 2.564772e+00, 1.785349e+00
-0.036924, 3.756922e+00, 9.776602e-01, 2.396951e+00, 1.559156e+00
-0.036680, 2.700246e+00, 8.999661e-01, 2.191667e+00, 1.303068e+00
-0.036436, 1.684157e+00, 7.849680e-01, 1.948480e+00, 1.017038e+00
-0.036191, 7.976437e-01, 6.099069e-01, 1.668239e+00, 7.019228e-01
-0.035947, 9.510813e-02, 3.597394e-01, 1.353191e+00, 3.597901e-01
-0.035703, -4.079550e-01, 2.860990e-02, 1.006987e+00, -5.857728e-03
-0.035459, -7.317212e-01, -3.797252e-01, 6.345704e-01, -3.899707e-01
-0.035215, -9.227025e-01, -8.523621e-01, 2.419542e-01, -7.859784e-01
-0.034971, -1.041042e+00, -1.368578e+00, -1.640728e-01, -1.185961e+00
-0.034727, -1.147738e+00, -1.902036e+00, -5.762854e-01, -1.580953e+00
-0.034482, -1.294618e+00, -2.423708e+00, -9.873620e-01, -1.961343e+00
-0.034238, -1.518440e+00, -2.905211e+00, -1.390191e+00, -2.317335e+00
-0.033994, -1.838674e+00, -3.322092e+00, -1.778118e+00, -2.639400e+00
-0.033750, -2.257442e+00, -3.656507e+00, -2.145120e+00, -2.918684e+00
-0.033506, -2.760292e+00, -3.898496e+00, -2.485905e+00, -3.147321e+00
-0.033262, -3.317584e+00, -4.045213e+00, -2.795949e+00, -3.318631e+00
-0.033018, -3.887191e+00, -4.098182e+00, -3.071487e+00, -3.427191e+00
-0.032773, -4.419327e+00, -4.059771e+00, -3.309477e+00, -3.468822e+00
-0.032529, -4.863436e+00, -3.930589e+00, -3.507550e+00, -3.440499e+00
-0.032285, -5.175934e+00, -3.709012e+00, -3.663952e+00, -3.340264e+00
-0.032041, -5.326928e+00, -3.392899e+00, -3.777490e+00, -3.167170e+00
-0.031797, -5.304274e+00, -2.982470e+00, -3.847459e+00, -2.921310e+00
-0.031553, -5.114284e+00, -2.483095e+00, -3.873556e+00, -2.603940e+00
-0.031309, -4.779376e+00, -1.907069e+00, -3.855771e+00, -2.217697e+00
-0.031065, -4.333567e+00, -1.273961e+00, -3.794248e+00, -1.766878e+00
-0.030820, -3.817009e+00, -6.092416e-01, -3.689141e+00, -1.257723e+00
-0.030576, -3.270808e+00, 5.891543e-02, -3.540469e+00, -6.986454e-01
-0.030332, -2.733079e+00, 7.043108e-01, -3.348015e+00, -1.003382e-01
-0.030088, -2.236564e+00, 1.307738e+00, -3.111291e+00, 5.242752e-01
-0.029844, -1.807297e+00, 1.860536e+00, -2.829605e+00, 1.160275e+00
-0.029600, -1.463271e+00, 2.365007e+00, -2.502250e+00, 1.791143e+00
-0.029356, -1.212237e+00, 2.831087e+00, -2.128803e+00, 2.399277e+00
-0.029111, -1.048655e+00, 3.270117e+00, -1.709535e+00, 2.966551e+00
-0.028867, -9.511302e-01, 3.687619e+00, -1.245861e+00, 3.474848e+00
-0.028623, -8.822646e-01, 4.077329e+00, -7.407952e-01, 3.906487e+00
-0.028379, -7.922863e-01, 4.418233e+00, -1.993268e-01, 4.244528e+00
-0.028135, -6.264847e-01, 4.675411e+00, 3.713475e-01, 4.472934e+00
-0.027891, -3.351147e-01, 4.804530e+00, 9.617801e-01, 4.576697e+00
-0.027647, 1.163566e-01, 4.759134e+00, 1.560451e+00, 4.542005e+00
-0.027402, 7.389788e-01, 4.499368e+00, 2.154163e+00, 4.356618e+00
-0.027158, 1.515988e+00, 4.000436e+00, 2.728609e+00, 4.010599e+00
-0.026914, 2.403570e+00, 3.259058e+00, 3.269063e+00, 3.497503e+00
-0.026670, 3.336815e+00, 2.296720e+00, 3.761091e+00, 2.816061e+00
-0.026426, 4.239793e+00, 1.159255e+00, 4.191210e+00, 1.972276e+00
-0.026182, 5.037766e+00, -8.725532e-02, 4.547419e+00, 9.817080e-01
-0.025938, 5.668953e+00, -1.364009e+00, 4.819540e+00, -1.283919e-01
-0.025693, 6.093294e+00, -2.589577e+00, 4.999372e+00, -1.317561e+00
-0.025449, 6.296250e+00, -3.690585e+00, 5.080672e+00, -2.531704e+00
-0.025205, 6.286817e+00, -4.610164e+00, 5.059016e+00, -3.704227e+00
-0.024961, 6.090619e+00, -5.311713e+00, 4.931629e+00, -4.759071e+00
-0.024717, 5.740541e+00, -5.777125e+00, 4.697252e+00, -5.615735e+00
-0.024473, 5.267956e+00, -6.000642e+00, 4.356131e+00, -6.196112e+00
-0.024229, 4.696764e+00, -5.980789e+00, 3.910151e+00, -6.432644e+00
-0.023984, 4.040986e+00, -5.713320e+00, 3.363120e+00, -6.276958e+00
-0.023740, 3.305549e+00, -5.187999e+00, 2.721153e+00, -5.707934e+00
-0.023496, 2.489530e+00, -4.391241e+00, 1.993094e+00, -4.738026e+00
-0.023252, 1.590997e+00, -3.315050e+00, 1.190850e+00, -3.416671e+00
-0.023008, 6.123667e-01, -1.970400e+00, 3.295707e-01, -1.829880e+00
-0.022764, -4.350025e-01, -4.011216e-01, -5.724029e-01, -9.544983e-02
-0.022520, -1.528192e+00, 1.306679e+00, -1.493854e+00, 1.646185e+00
-0.022275, -2.632685e+00, 3.024065e+00, -2.411228e+00, 3.244842e+00
-0.022031, -3.704745e+00, 4.589846e+00, -3.299328e+00, 4.556001e+00
-0.021787, -4.695421e+00, 5.831498e+00, -4.132056e+00, 5.456972e+00
-0.021543, -5.555298e+00, 6.592461e+00, -4.883087e+00, 5.861795e+00
-0.021299, -6.239205e+00, 6.759840e+00, -5.526396e+00, 5.732788e+00
-0.021055, -6.710258e+00, 6.286397e+00, -6.036607e+00, 5.086940e+00
-0.020811, -6.942748e+00, 5.202458e+00, -6.389217e+00, 3.995965e+00
-0.020566, -6.923531e+00, 3.615901e+00, -6.560830e+00, 2.579609e+00
-0.020322, -6.651740e+00, 1.700687e+00, -6.529590e+00, 9.927542e-01
-0.020078, -6.136849e+00, -3.241127e-01, -6.276045e+00, -5.922246e-01
-0.019834, -5.395585e+00, -2.222037e+00, -5.784629e+00, -2.005662e+00
-0.019590, -4.448719e+00, -3.770139e+00, -5.045866e+00, -3.100734e+00
-0.019346, -3.318965e+00, -4.788866e+00, -4.059244e+00, -3.770822e+00
-0.019102, -2.030754e+00, -5.166464e+00, -2.836526e+00, -3.961760e+00
-0.018857, -6.118212e-01, -4.874130e+00, -1.405063e+00, -3.677313e+00
-0.018613, 9.040222e-01, -3.969432e+00, 1.894852e-01, -2.977168e+00
-0.018369, 2.473610e+00, -2.587285e+00, 1.881726e+00, -1.967789e+00
-0.018125, 4.041211e+00, -9.196755e-01, 3.587065e+00, -7.874926e-01
-0.017881, 5.536225e+00, 8.126895e-01, 5.204748e+00, 4.121268e-01
-0.017637, 6.873046e+00, 2.392287e+00, 6.623673e+00, 1.485817e+00
-0.017393, 7.954504e+00, 3.635199e+00, 7.730863e+00, 2.312648e+00
-0.017148, 8.679646e+00, 4.415306e+00, 8.422068e+00, 2.809993e+00
-0.016904, 8.955436e+00, 4.678387e+00, 8.613498e+00, 2.941792e+00
-0.016660, 8.710634e+00, 4.444010e+00, 8.253387e+00, 2.720255e+00
-0.016416, 7.909199e+00, 3.795619e+00, 7.331799e+00, 2.201104e+00
-0.016172, 6.560558e+00, 2.861653e+00, 5.887140e+00, 1.473371e+00
-0.015928, 4.724860e+00, 1.791887e+00, 4.008008e+00, 6.454405e-01
-0.015684, 2.512465e+00, 7.333925e-01, 1.829472e+00, -1.705153e-01
-0.015440, 7.778995e-02, -1.901690e-01, -4.764797e-01, -8.735002e-01
-0.015195, -2.391922e+00, -8.931696e-01, -2.715823e+00, -1.386051e+00
-0.014951, -4.692181e+00, -1.334973e+00, -4.691399e+00, -1.662497e+00
-0.014707, -6.620242e+00, -1.518934e+00, -6.223833e+00, -1.692287e+00
-0.014463, -7.996199e+00, -1.484556e+00, -7.171972e+00, -1.498333e+00
-0.014219, -8.684208e+00, -1.295067e+00, -7.450158e+00, -1.130961e+00
-0.013975, -8.611276e+00, -1.023261e+00, -7.039901e+00, -6.586790e-01
-0.013731, -7.780698e+00, -7.384215e-01, -5.994046e+00, -1.572866e-01
-0.013486, -6.277423e+00, -4.964959e-01, -4.432511e+00, 3.010399e-01
-0.013242, -4.263398e+00, -3.346747e-01, -2.529713e+00, 6.571790e-01
-0.012998, -1.962268e+00, -2.703269e-01, -4.950344e-01, 8.718487e-01
-0.012754, 3.656210e-01, -3.033444e-01, 1.451361e+00, 9.290462e-01
-0.012510, 2.455148e+00, -4.204645e-01, 3.104294e+00, 8.359773e-01
-0.012266, 4.070908e+00, -6.001113e-01, 4.297567e+00, 6.198101e-01
-0.012022, 5.039034e+00, -8.166761e-01, 4.923026e+00, 3.220036e-01
-0.011777, 5.271282e+00, -1.043754e+00, 4.942179e+00, -8.772171e-03
-0.011533, 4.777445e+00, -1.256351e+00, 4.388869e+00, -3.240083e-01
-0.011289, 3.663761e+00, -1.432302e+00, 3.362755e+00, -5.819702e-01
-0.011045, 2.117073e+00, -1.553095e+00, 2.014619e+00, -7.527126e-01
-0.010801, 3.766006e-01, -1.604215e+00, 5.256205e-01, -8.209641e-01
-0.010557, -1.302629e+00, -1.575065e+00, -9.165752e-01, -7.867005e-01
-0.010313, -2.688767e+00, -1.458860e+00, -2.141529e+00, -6.635689e-01
-0.010068, -3.607671e+00, -1.253064e+00, -3.016468e+00, -4.756101e-01
-0.009824, -3.966740e+00, -9.607259e-01, -3.460840e+00, -2.529167e-01
-0.009580, -3.764068e+00, -5.923943e-01, -3.453321e+00, -2.694322e-02
-0.009336, -3.082034e+00, -1.677063e-01, -3.030697e+00, 1.738412e-01
-0.009092, -2.067437e+00, 2.843261e-01, -2.279214e+00, 3.273977e-01
-0.008848, -9.026627e-01, 7.269635e-01, -1.319980e+00, 4.202854e-01
-0.008604, 2.263596e-01, 1.119457e+00, -2.907348e-01, 4.484044e-01
-0.008359, 1.159566e+00, 1.422400e+00, 6.733155e-01, 4.163799e-01
-0.008115, 1.784884e+00, 1.603739e+00, 1.456953e+00, 3.358418e-01
-0.007871, 2.050310e+00, 1.644116e+00, 1.978439e+00, 2.229745e-01
-0.007627, 1.965098e+00, 1.540357e+00, 2.197494e+00, 9.577132e-02
-0.007383, 1.590888e+00, 1.306353e+00, 2.117085e+00, -2.858620e-02
-0.007139, 1.025098e+00, 9.712674e-01, 1.779240e+00, -1.358757e-01
-0.006895, 3.802545e-01, 5.754613e-01, 1.255943e+00, -2.162723e-01
-0.006650, -2.362661e-01, 1.647175e-01, 6.367437e-01, -2.649747e-01
-0.006406, -7.380318e-01, -2.165311e-01, 1.506106e-02, -2.820468e-01
-0.006162, -1.068441e+00, -5.318857e-01, -5.248196e-01, -2.716092e-01
-0.005918, -1.202518e+00, -7.583168e-01, -9.183215e-01, -2.405914e-01
-0.005674, -1.143292e+00, -8.891709e-01, -1.127473e+00, -1.972873e-01
-0.005430, -9.151010e-01, -9.343618e-01, -1.143499e+00, -1.499513e-01
-0.005186, -5.558325e-01, -9.176154e-01, -9.851475e-01, -1.056297e-01
-0.004941, -1.096787e-01, -8.710309e-01, -6.933802e-01, -6.936132e-02
-0.004697, 3.781985e-01, -8.278527e-01, -3.235143e-01, -4.380718e-02
-0.004453, 8.642258e-01, -8.149574e-01, 6.383535e-02, -2.929505e-02
-0.004209, 1.306679e+00, -8.467092e-01, 4.116358e-01, -2.420835e-02
-0.003965, 1.665536e+00, -9.214642e-01, 6.739106e-01, -2.560624e-02
-0.003721, 1.904091e+00, -1.021406e+00, 8.209128e-01, -2.994503e-02
-0.003477, 1.993316e+00, -1.115788e+00, 8.415129e-01, -3.377512e-02
-0.003232, 1.918151e+00, -1.167044e+00, 7.427673e-01, -3.431040e-02
-0.002988, 1.683427e+00, -1.138610e+00, 5.470344e-01, -2.980169e-02
-0.002744, 1.316862e+00, -1.002919e+00, 2.873131e-01, -1.968577e-02
-0.002500, 8.673933e-01, -7.479779e-01, 1.653615e-03, -4.520008e-03
-0.002256, 3.986636e-01, -3.813084e-01, -2.724743e-01, 1.425634e-02
-0.002012, -2.125307e-02, 6.956225e-02, -5.030689e-01, 3.467262e-02
-0.001768, -3.318348e-01, 5.603804e-01, -6.671534e-01, 5.461922e-02
-0.001523, -4.912875e-01, 1.036981e+00, -7.526738e-01, 7.221530e-02
-0.001279, -4.844042e-01, 1.444584e+00, -7.586873e-01, 8.609765e-02
-0.001035, -3.253456e-01, 1.737693e+00, -6.940345e-01, 9.559539e-02
-0.000791, -5.484828e-02, 1.888386e+00, -5.748826e-01, 1.007761e-01
-0.000547, 2.673567e-01, 1.891040e+00, -4.216294e-01, 1.023700e-01
-0.000303, 5.732486e-01, 1.762403e+00, -2.556837e-01, 1.015958e-01
-0.000059, 7.982777e-01, 1.537036e+00, -9.658179e-02, 9.992319e-02
0.000185, 8.921324e-01, 1.259361e+00, 4.021323e-02, 9.881386e-02
0.000430, 8.268778e-01, 9.744290e-01, 1.446300e-01, 9.947945e-02
0.000674, 6.014674e-01, 7.196152e-01, 2.123806e-01, 1.026916e-01
0.000918, 2.421624e-01, 5.188965e-01, 2.445172e-01, 1.086662e-01
0.001162, -2.013166e-01, 3.804443e-01, 2.463507e-01, 1.170345e-01
0.001406, -6.636979e-01, 2.975770e-01, 2.259836e-01, 1.268971e-01
0.001650, -1.075111e+00, 2.525853e-01, 1.927259e-01, 1.369520e-01
0.001894, -1.373083e+00, 2.225091e-01, 1.556314e-01, 1.456736e-01
0.002139, -1.513068e+00, 1.855544e-01, 1.223351e-01, 1.515178e-01
0.002383, -1.475447e+00, 1.266327e-01, 9.829973e-02, 1.531283e-01
0.002627, -1.268027e+00, 4.070962e-02, 8.650082e-02, 1.495155e-01
0.002871, -9.242256e-01, -6.667582e-02, 8.751254e-02, 1.401894e-01
0.003115, -4.976831e-01, -1.815190e-01, 9.990800e-02, 1.252307e-01
0.003359, -5.401863e-02, -2.853238e-01, 1.208575e-01, 1.052920e-01
0.003603, 3.394465e-01, -3.599897e-01, 1.468022e-01, 8.153083e-02
0.003848, 6.246412e-01, -3.925703e-01, 1.740939e-01, 5.548303e-02
0.004092, 7.622559e-01, -3.787433e-01, 1.995153e-01, 2.889271e-02
0.004336, 7.376017e-01, -3.239282e-01, 2.206306e-01, 3.519813e-03
0.004580, 5.615167e-01, -2.415788e-01, 2.359485e-01, -1.905018e-02
0.004824, 2.664184e-01, -1.491503e-01, 2.449097e-01, -3.757068e-02
0.005068, -1.012280e-01, -6.312433e-02, 2.477321e-01, -5.125210e-02
0.005312, -4.900300e-01, 5.182921e-03, 2.451646e-01, -5.981918e-02
0.005557, -8.520758e-01, 5.164970e-02, 2.381976e-01, -6.350175e-02
0.005801, -1.148686e+00, 7.868421e-02, 2.277827e-01, -6.296219e-02
0.006045, -1.352749e+00, 9.233633e-02, 2.146023e-01, -5.917218e-02
0.006289, -1.448353e+00, 9.846892e-02, 1.989184e-01, -5.325855e-02
0.006533, -1.429277e+00, 9.962839e-02, 1.805188e-01, -4.634229e-02
0.006777, -1.297632e+00, 9.399014e-02, 1.587626e-01, -3.939571e-02
0.007021, -1.063150e+00, 7.686334e-02, 1.327184e-01, -3.313874e-02
0.007266, -7.428864e-01, 4.400145e-02, 1.013708e-01, -2.798850e-02
0.007510, -3.608305e-01, -5.006465e-03, 6.386899e-02, -2.406647e-02
0.007754, 5.315763e-02, -6.505712e-02, 1.977812e-02, -2.125723e-02
0.007998, 4.656200e-01, -1.264265e-01, -3.070329e-02, -1.930340e-02
0.008242, 8.430930e-01, -1.777819e-01, -8.659637e-02, -1.791540e-02
0.008486, 1.156447e+00, -2.099878e-01, -1.460938e-01, -1.687232e-02
0.008730, 1.384836e+00, -2.192312e-01, -2.066272e-01, -1.609293e-02
0.008975, 1.518142e+00, -2.083049e-01, -2.650504e-01, -1.566263e-02
0.009219, 1.557343e+00, -1.855030e-01, -3.179236e-01, -1.581146e-02
0.009463, 1.512840e+00, -1.615066e-01, -3.618656e-01, -1.684878e-02
0.009707, 1.401122e+00, -1.455402e-01, -3.939299e-01, -1.906938e-02
0.009951, 1.240318e+00, -1.423631e-01, -4.119549e-01, -2.265218e-02
0.010195, 1.045424e+00, -1.511820e-01, -4.148378e-01, -2.757438e-02
0.010439, 8.244459e-01, -1.667025e-01, -4.026911e-01, -3.356187e-02
0.010684, 5.768774e-01, -1.817260e-01, -3.768587e-01, -4.008940e-02
0.010928, 2.955829e-01, -1.901951e-01, -3.397847e-01, -4.643469e-02
0.011172, -2.804980e-02, -1.895218e-01, -2.947538e-01, -5.177973e-02
0.011416, -3.971371e-01, -1.813651e-01, -2.455376e-01, -5.534273e-02
0.011660, -8.028592e-01, -1.706635e-01, -1.959964e-01, -5.651702e-02
0.011904, -1.220942e+00, -1.634080e-01, -1.496902e-01, -5.499101e-02
0.012148, -1.612724e+00, -1.640493e-01, -1.095484e-01, -5.082535e-02
0.012393, -1.931168e+00, -1.734768e-01, -7.763638e-02, -4.447071e-02
0.012637, -2.130608e+00, -1.882794e-01, -5.503995e-02, -3.672006e-02
0.012881, -2.177494e+00, -2.015760e-01, -4.186932e-02, -2.860105e-02
0.013125, -2.058750e+00, -2.051292e-01, -3.736627e-02, -2.122542e-02
0.013369, -1.785094e+00, -1.919545e-01, -4.008590e-02, -1.562009e-02
0.013613, -1.388494e+00, -1.584668e-01, -4.811737e-02, -1.256848e-02
0.013857, -9.150237e-01, -1.053917e-01, -5.930881e-02, -1.248875e-02
0.014102, -4.156567e-01, -3.715031e-02, -7.146799e-02, -1.536930e-02
0.014346, 6.234886e-02, 3.986868e-02, -8.252095e-02, -2.077193e-02
0.014590, 4.815022e-01, 1.191198e-01, -9.062254e-02, -2.790121e-02
0.014834, 8.168011e-01, 1.947817e-01, -9.422289e-02, -3.572744e-02
0.015078, 1.055457e+00, 2.614547e-01, -9.210082e-02, -4.314181e-02
0.015322, 1.194625e+00, 3.132782e-01, -8.337749e-02, -4.911750e-02
0.015566, 1.238322e+00, 3.433589e-01, -6.752165e-02, -5.285031e-02
0.015810, 1.194675e+00, 3.441169e-01, -4.435300e-02, -5.385731e-02
0.016055, 1.074260e+00, 3.086830e-01, -1.404414e-02, -5.201959e-02
0.016299, 8.898275e-01, 2.329877e-01, 2.288323e-02, -4.756582e-02
0.016543, 6.571248e-01, 1.177299e-01, 6.557463e-02, -4.100333e-02
0.016787, 3.962091e-01, -3.071802e-02, 1.128776e-01, -3.301204e-02
0.017031, 1.323380e-01, -2.009556e-01, 1.633969e-01, -2.432172e-02
0.017275, -1.046379e-01, -3.783987e-01, 2.155665e-01, -1.559476e-02
0.017519, -2.831653e-01, -5.473187e-01, 2.677303e-01, -7.333760e-03
0.017764, -3.750553e-01, -6.920397e-01, 3.182191e-01, 1.722086e-04
0.018008, -3.614952e-01, -7.969441e-01, 3.654127e-01, 6.856459e-03
0.018252, -2.380448e-01, -8.460696e-01, 4.077788e-01, 1.284075e-02
0.018496, -1.674993e-02, -8.239079e-01, 4.438876e-01, 1.836757e-02
0.018740, 2.755262e-01, -7.187133e-01, 4.724083e-01, 2.371286e-02
0.018984, 6.020588e-01, -5.280705e-01, 4.920993e-01, 2.909558e-02
0.019228, 9.228909e-01, -2.645438e-01, 5.018104e-01, 3.460020e-02
0.019473, 1.201227e+00, 4.175027e-02, 5.005107e-01, 4.012508e-02
0.019717, 1.408217e+00, 3.460143e-01, 4.873554e-01, 4.536514e-02
0.019961, 1.525647e+00, 5.972102e-01, 4.617892e-01, 4.983164e-02
0.020205, 1.546791e+00, 7.497796e-01, 4.236797e-01, 5.290664e-02
0.020449, 1.476078e+00, 7.750707e-01, 3.734585e-01, 5.392501e-02
0.020693, 1.328204e+00, 6.691699e-01, 3.122401e-01, 5.227376e-02
0.020937, 1.126888e+00, 4.551160e-01, 2.418903e-01, 4.749681e-02
0.021182, 9.027666e-01, 1.790243e-01, 1.650132e-01, 3.939248e-02
0.021426, 6.896050e-01, -9.897679e-02, 8.484200e-02, 2.809213e-02
0.021670, 5.184999e-01, -3.169817e-01, 5.028625e-03, 1.410941e-02
0.021914, 4.108499e-01, -4.240023e-01, -7.065058e-02, -1.648333e-03
0.022158, 3.717809e-01, -3.903342e-01, -1.386433e-01, -1.791218e-02
0.022402, 3.862186e-01, -2.134740e-01, -1.959784e-01, -3.312972e-02
0.022646, 4.196146e-01, 8.135160e-02, -2.405824e-01, -4.558722e-02
0.022891, 4.242364e-01, 4.457594e-01, -2.715059e-01, -5.356894e-02
0.023135, 3.500797e-01, 8.167830e-01, -2.890233e-01, -5.554099e-02
0.023379, 1.576834e-01, 1.127912e+00, -2.945849e-01, -5.034227e-02
0.023623, -1.706581e-01, 1.320665e+00, -2.906220e-01, -3.736038e-02
0.023867, -6.242972e-01, 1.354471e+00, -2.802279e-01, -1.666923e-02
0.024111, -1.163857e+00, 1.212986e+00, -2.667559e-01, 1.089400e-02
0.024355, -1.727065e+00, 9.061063e-01, -2.533886e-01, 4.373001e-02
0.024600, -2.239505e+00, 4.680202e-01, -2.427370e-01, 7.956555e-02
0.024844, -2.628230e+00, -4.793246e-02, -2.365247e-01, 1.156271e-01
0.025088, -2.835641e+00, -5.769026e-01, -2.353987e-01, 1.488867e-01
0.025332, -2.830800e+00, -1.051895e+00, -2.388910e-01, 1.763539e-01
0.025576, -2.615610e+00, -1.413699e+00, -2.455340e-01, 1.953832e-01
0.025820, -2.224369e+00, -1.619838e+00, -2.531102e-01, 2.039554e-01
0.026064, -1.716860e+00, -1.650869e+00, -2.589987e-01, 2.008999e-01
0.026309, -1.166773e+00, -1.512774e+00, -2.605686e-01, 1.860257e-01
0.026553, -6.482365e-01, -1.234959e+00, -2.555643e-01, 1.601441e-01
0.026797, -2.233604e-01, -8.643886e-01, -2.424308e-01, 1.249785e-01
0.027041, 6.691382e-02, -4.572297e-01, -2.205374e-01, 8.297311e-02
0.027285, 2.073453e-01, -6.984358e-02, -1.902745e-01, 3.702778e-02
0.027529, 2.080801e-01, 2.491692e-01, -1.530147e-01, -9.807500e-03
0.027773, 1.002255e-01, 4.647538e-01, -1.109509e-01, -5.463656e-02
0.028018, -7.133577e-02, 5.586631e-01, -6.683678e-02, -9.498186e-02
0.028262, -2.561814e-01, 5.304169e-01, -2.366826e-02, -1.289791e-01
0.028506, -4.058934e-01, 3.964208e-01, 1.565221e-02, -1.554826e-01
0.028750, -4.797406e-01, 1.876561e-01, 4.862538e-02, -1.740763e-01
0.028994, -4.484090e-01, -5.386997e-02, 7.340404e-02, -1.849994e-01
0.029238, -2.965155e-01, -2.799058e-01, 8.895517e-02, -1.890068e-01
0.029482, -2.455936e-02, -4.419629e-01, 9.512287e-02, -1.871916e-01
0.029727, 3.498218e-01, -4.983233e-01, 9.259269e-02, -1.807995e-01
0.029971, 7.921378e-01, -4.213426e-01, 8.277004e-02, -1.710637e-01
0.030215, 1.253756e+00, -2.037110e-01, 6.759466e-02, -1.590772e-01
0.030459, 1.677296e+00, 1.381372e-01, 4.931884e-02, -1.457176e-01
0.030703, 2.004233e+00, 5.650793e-01, 3.027840e-02, -1.316212e-01
0.030947, 2.183740e+00, 1.021344e+00, 1.268311e-02, -1.172011e-01
0.031191, 2.181551e+00, 1.444362e+00, -1.552906e-03, -1.026943e-01
0.031435, 1.987323e+00, 1.775848e+00, -1.092809e-02, -8.822054e-02
0.031680, 1.618662e+00, 1.971160e+00, -1.441391e-02, -7.383749e-02
0.031924, 1.120185e+00, 2.004840e+00, -1.146345e-02, -5.958061e-02
0.032168, 5.568989e-01, 1.871732e+00, -1.978935e-03, -4.548162e-02
0.032412, 2.835201e-03, 1.584575e+00, 1.374685e-02, -3.156584e-02
0.032656, -4.725265e-01, 1.169845e+00, 3.509986e-02, -1.783466e-02
0.032900, -8.166503e-01, 6.636786e-01, 6.121098e-02, -4.242633e-03
0.033144, -1.002183e+00, 1.088714e-01, 9.101020e-02, 9.319919e-03
0.033389, -1.029463e+00, -4.471585e-01, 1.232648e-01, 2.302897e-02
0.033633, -9.233894e-01, -9.542754e-01, 1.566046e-01, 3.710753e-02
0.033877, -7.259984e-01, -1.362335e+00, 1.895405e-01, 5.178363e-02
0.034121, -4.866330e-01, -1.625399e+00, 2.204883e-01, 6.722989e-02
0.034365, -2.516827e-01, -1.707672e+00, 2.478076e-01, 8.349369e-02
0.034609, -5.580039e-02, -1.590554e+00, 2.698634e-01, 1.004309e-01
0.034853, 8.361892e-02, -1.279113e+00, 2.851158e-01, 1.176568e-01
0.035098, 1.673997e-01, -8.056609e-01, 2.922318e-01, 1.345282e-01
0.035342, 2.108220e-01, -2.284274e-01, 2.902111e-01, 1.501642e-01
0.035586, 2.364921e-01, 3.753738e-01, 2.785079e-01, 1.635110e-01
0.035830, 2.663876e-01, 9.211885e-01, 2.571309e-01, 1.734456e-01
0.036074, 3.157780e-01, 1.331216e+00, 2.267002e-01, 1.789090e-01
0.036318, 3.906087e-01, 1.547926e+00, 1.884460e-01, 1.790517e-01
0.036562, 4.880783e-01, 1.543963e+00, 1.441405e-01, 1.733721e-01
0.036807, 5.987701e-01, 1.326277e+00, 9.596289e-02, 1.618260e-01
0.037051, 7.087613e-01, 9.337715e-01, 4.630822e-02, 1.448890e-01
0.037295, 8.012646e-01, 4.292988e-01, -2.437678e-03, 1.235595e-01
0.037539, 8.583588e-01, -1.121441e-01, -4.813061e-02, 9.929441e-02
0.037783, 8.634933e-01, -6.166725e-01, -8.907516e-02, 7.388271e-02
0.038027, 8.048426e-01, -1.023697e+00, -1.241767e-01, 4.926900e-02
0.038271, 6.787951e-01, -1.294610e+00, -1.530145e-01, 2.734617e-02
0.038516, 4.923389e-01, -1.416144e+00, -1.758231e-01, 9.743453e-03
0.038760, 2.631906e-01, -1.397898e+00, -1.933828e-01, -2.363258e-03
0.039004, 1.723758e-02, -1.265288e+00, -2.068351e-01, -8.393498e-03
0.039248, -2.161506e-01, -1.050649e+00, -2.174505e-01, -8.437075e-03
0.039492, -4.097163e-01, -7.856533e-01, -2.263857e-01, -3.250744e-03
0.039736, -5.434730e-01, -4.973214e-01, -2.344689e-01, 5.823865e-03
0.039980, -6.083279e-01, -2.080250e-01, -2.420480e-01, 1.701102e-02
0.040225, -6.074459e-01, 6.209831e-02, -2.489267e-01, 2.830110e-02
0.040469, -5.551118e-01, 2.928882e-01, -2.543996e-01, 3.767451e-02
0.040713, -4.734263e-01, 4.641613e-01, -2.573788e-01, 4.332086e-02
0.040957, -3.876917e-01, 5.585234e-01, -2.565911e-01, 4.382626e-02
0.041201, -3.216215e-01, 5.658726e-01, -2.508128e-01, 3.830691e-02
0.041445, -2.934318e-01, 4.874926e-01, -2.391009e-01, 2.647501e-02
0.041689, -3.134779e-01, 3.377313e-01, -2.209822e-01, 8.633189e-03
0.041934, -3.834886e-01, 1.422981e-01, -1.965698e-01, -1.439678e-02
0.042178, -4.969033e-01, -6.642060e-02, -1.665849e-01, -4.139643e-02
0.042422, -6.396565e-01, -2.555832e-01, -1.322840e-01, -7.090382e-02
0.042666, -7.911597e-01, -3.978733e-01, -9.530253e-02, -1.013748e-01
0.042910, -9.258831e-01, -4.758742e-01, -5.744295e-02, -1.313302e-01
0.043154, -1.016254e+00, -4.843472e-01, -2.044366e-02, -1.594723e-01
0.043398, -1.037144e+00, -4.306732e-01, 1.423282e-02, -1.847584e-01
0.043643, -9.713087e-01, -3.338982e-01, 4.555735e-02, -2.064298e-01
0.043887, -8.144401e-01, -2.225315e-01, 7.301286e-02, -2.239985e-01
0.044131, -5.783588e-01, -1.309737e-01, 9.658378e-02, -2.372024e-01
0.044375, -2.911463e-01, -9.450575e-02, 1.166614e-01, -2.459412e-01
0.044619, 6.398710e-03, -1.430786e-01, 1.338847e-01, -2.502074e-01
0.044863, 2.677073e-01, -2.946083e-01, 1.489461e-01, -2.500255e-01
0.045107, 4.494933e-01, -5.490625e-01, 1.623979e-01, -2.454093e-01
0.045352, 5.208397e-01, -8.850498e-01, 1.744911e-01, -2.363433e-01
0.045596, 4.700970e-01, -1.260466e+00, 1.850762e-01, -2.227908e-01
0.045840, 3.079681e-01, -1.617850e+00, 1.935787e-01, -2.047263e-01
0.046084, 6.608951e-02, -1.893783e+00, 1.990551e-01, -1.821881e-01
0.046328, -2.087303e-01, -2.030487e+00, 2.003184e-01, -1.553424e-01
0.046572, -4.636127e-01, -1.987028e+00, 1.961142e-01, -1.245491e-01
0.046816, -6.501267e-01, -1.747529e+00, 1.853206e-01, -9.041909e-02
0.047060, -7.337580e-01, -1.324553e+00, 1.671447e-01, -5.385155e-02
0.047305, -7.001852e-01, -7.571758e-01, 1.412894e-01, -1.604062e-02
0.047549, -5.571807e-01, -1.045772e-01, 1.080699e-01, 2.155611e-02
0.047793, -3.319667e-01, 5.632134e-01, 6.846712e-02, 5.729244e-02
0.048037, -6.476719e-02, 1.175524e+00, 2.411356e-02, 8.945104e-02
0.048281, 1.998162e-01, 1.670483e+00, -2.278724e-02, 1.163974e-01
0.048525, 4.213795e-01, 2.002422e+00, -6.959912e-02, 1.367572e-01
0.048769, 5.702027e-01, 2.146575e+00, -1.134378e-01, 1.495971e-01
0.049014, 6.305910e-01, 2.101114e+00, -1.513872e-01, 1.545861e-01
0.049258, 6.011754e-01, 1.886879e+00, -1.807305e-01, 1.521100e-01
0.049502, 4.929951e-01, 1.545101e+00, -1.991803e-01, 1.433153e-01
0.049746, 3.263229e-01, 1.132999e+00, -2.050875e-01, 1.300649e-01
0.049990, 1.270157e-01, 7.170011e-01, -1.976124e-01, 1.147963e-01
